{"people_id":16767,"movie_id":3}
{"people_id":27436,"movie_id":4}
{"people_id":3110,"movie_id":5}
{"people_id":3111,"movie_id":5}
{"people_id":2294,"movie_id":5}
{"people_id":138,"movie_id":5}
{"people_id":1,"movie_id":11}
{"people_id":59,"movie_id":18}
{"people_id":90,"movie_id":20}
{"people_id":1704,"movie_id":22}
{"people_id":138,"movie_id":24}
{"people_id":160,"movie_id":26}
{"people_id":172,"movie_id":27}
{"people_id":1776,"movie_id":28}
{"people_id":183,"movie_id":30}
{"people_id":187,"movie_id":31}
{"people_id":223,"movie_id":55}
{"people_id":197,"movie_id":60}
{"people_id":240,"movie_id":62}
{"people_id":280,"movie_id":63}
{"people_id":309,"movie_id":64}
{"people_id":357,"movie_id":67}
{"people_id":578,"movie_id":78}
{"people_id":607,"movie_id":79}
{"people_id":608,"movie_id":81}
{"people_id":488,"movie_id":85}
{"people_id":672,"movie_id":86}
{"people_id":793,"movie_id":91}
{"people_id":309,"movie_id":99}
{"people_id":956,"movie_id":100}
{"people_id":59,"movie_id":101}
{"people_id":1011,"movie_id":102}
{"people_id":1071,"movie_id":104}
{"people_id":1090,"movie_id":106}
{"people_id":1126,"movie_id":108}
{"people_id":1126,"movie_id":109}
{"people_id":1126,"movie_id":110}
{"people_id":1176,"movie_id":112}
{"people_id":1188,"movie_id":113}
{"people_id":1126,"movie_id":124}
{"people_id":1126,"movie_id":125}
{"people_id":1126,"movie_id":126}
{"people_id":1396,"movie_id":126}
{"people_id":1126,"movie_id":127}
{"people_id":608,"movie_id":128}
{"people_id":608,"movie_id":129}
{"people_id":1414,"movie_id":130}
{"people_id":1486,"movie_id":135}
{"people_id":1496,"movie_id":136}
{"people_id":1558,"movie_id":139}
{"people_id":309,"movie_id":140}
{"people_id":2303,"movie_id":144}
{"people_id":1614,"movie_id":146}
{"people_id":1650,"movie_id":147}
{"people_id":90,"movie_id":148}
{"people_id":185,"movie_id":149}
{"people_id":1744,"movie_id":152}
{"people_id":1788,"movie_id":154}
{"people_id":525,"movie_id":155}
{"people_id":1176,"movie_id":156}
{"people_id":1749,"movie_id":157}
{"people_id":1869,"movie_id":159}
{"people_id":1867,"movie_id":160}
{"people_id":1868,"movie_id":160}
{"people_id":1884,"movie_id":163}
{"people_id":24,"movie_id":165}
{"people_id":1961,"movie_id":166}
{"people_id":1749,"movie_id":168}
{"people_id":1748,"movie_id":172}
{"people_id":2087,"movie_id":173}
{"people_id":1788,"movie_id":174}
{"people_id":59,"movie_id":175}
{"people_id":2291,"movie_id":186}
{"people_id":2293,"movie_id":187}
{"people_id":2294,"movie_id":187}
{"people_id":138,"movie_id":187}
{"people_id":2293,"movie_id":189}
{"people_id":2294,"movie_id":189}
{"people_id":2332,"movie_id":191}
{"people_id":2352,"movie_id":192}
{"people_id":2380,"movie_id":193}
{"people_id":2419,"movie_id":194}
{"people_id":2388,"movie_id":199}
{"people_id":2388,"movie_id":200}
{"people_id":2523,"movie_id":201}
{"people_id":2559,"movie_id":204}
{"people_id":2589,"movie_id":205}
{"people_id":2775,"movie_id":210}
{"people_id":2675,"movie_id":214}
{"people_id":2675,"movie_id":215}
{"people_id":2725,"movie_id":216}
{"people_id":488,"movie_id":217}
{"people_id":2765,"movie_id":221}
{"people_id":2798,"movie_id":222}
{"people_id":2801,"movie_id":224}
{"people_id":2801,"movie_id":225}
{"people_id":2891,"movie_id":228}
{"people_id":2991,"movie_id":234}
{"people_id":1776,"movie_id":238}
{"people_id":1776,"movie_id":240}
{"people_id":1776,"movie_id":242}
{"people_id":3317,"movie_id":246}
{"people_id":3395,"movie_id":250}
{"people_id":3451,"movie_id":252}
{"people_id":1650,"movie_id":255}
{"people_id":1650,"movie_id":256}
{"people_id":1650,"movie_id":258}
{"people_id":1650,"movie_id":259}
{"people_id":3776,"movie_id":266}
{"people_id":309,"movie_id":267}
{"people_id":3776,"movie_id":269}
{"people_id":867,"movie_id":270}
{"people_id":3849,"movie_id":271}
{"people_id":3722,"movie_id":273}
{"people_id":3722,"movie_id":276}
{"people_id":3974,"movie_id":279}
{"people_id":2710,"movie_id":280}
{"people_id":1869,"movie_id":286}
{"people_id":201,"movie_id":292}
{"people_id":1884,"movie_id":298}
{"people_id":2000,"movie_id":299}
{"people_id":201,"movie_id":300}
{"people_id":72430,"movie_id":302}
{"people_id":4410,"movie_id":307}
{"people_id":4453,"movie_id":309}
{"people_id":4522,"movie_id":312}
{"people_id":4590,"movie_id":315}
{"people_id":4617,"movie_id":316}
{"people_id":4634,"movie_id":317}
{"people_id":4385,"movie_id":335}
{"people_id":4385,"movie_id":336}
{"people_id":5005,"movie_id":337}
{"people_id":4780,"movie_id":338}
{"people_id":4429,"movie_id":339}
{"people_id":4883,"movie_id":341}
{"people_id":5192,"movie_id":342}
{"people_id":5026,"movie_id":346}
{"people_id":5028,"movie_id":347}
{"people_id":5029,"movie_id":347}
{"people_id":4065,"movie_id":347}
{"people_id":5030,"movie_id":347}
{"people_id":578,"movie_id":348}
{"people_id":5091,"movie_id":351}
{"people_id":5125,"movie_id":363}
{"people_id":510,"movie_id":364}
{"people_id":5140,"movie_id":377}
{"people_id":5216,"movie_id":383}
{"people_id":5231,"movie_id":387}
{"people_id":39996,"movie_id":389}
{"people_id":2303,"movie_id":390}
{"people_id":4385,"movie_id":391}
{"people_id":138,"movie_id":393}
{"people_id":5125,"movie_id":407}
{"people_id":5446,"movie_id":408}
{"people_id":4617,"movie_id":410}
{"people_id":5572,"movie_id":415}
{"people_id":5636,"movie_id":419}
{"people_id":4415,"movie_id":422}
{"people_id":5763,"movie_id":427}
{"people_id":5742,"movie_id":428}
{"people_id":4385,"movie_id":429}
{"people_id":5844,"movie_id":434}
{"people_id":5872,"movie_id":436}
{"people_id":5974,"movie_id":442}
{"people_id":6011,"movie_id":445}
{"people_id":6094,"movie_id":446}
{"people_id":42,"movie_id":452}
{"people_id":6201,"movie_id":454}
{"people_id":6220,"movie_id":455}
{"people_id":6241,"movie_id":458}
{"people_id":6241,"movie_id":459}
{"people_id":6273,"movie_id":460}
{"people_id":6284,"movie_id":464}
{"people_id":6414,"movie_id":471}
{"people_id":5602,"movie_id":472}
{"people_id":6431,"movie_id":473}
{"people_id":5602,"movie_id":474}
{"people_id":15858,"movie_id":478}
{"people_id":6521,"movie_id":481}
{"people_id":15798,"movie_id":484}
{"people_id":8750,"movie_id":485}
{"people_id":15794,"movie_id":486}
{"people_id":5602,"movie_id":487}
{"people_id":5216,"movie_id":489}
{"people_id":6648,"movie_id":490}
{"people_id":243290,"movie_id":491}
{"people_id":6767,"movie_id":496}
{"people_id":4027,"movie_id":497}
{"people_id":6817,"movie_id":499}
{"people_id":2801,"movie_id":511}
{"people_id":5602,"movie_id":514}
{"people_id":5602,"movie_id":515}
{"people_id":15798,"movie_id":516}
{"people_id":7314,"movie_id":530}
{"people_id":7314,"movie_id":531}
{"people_id":7314,"movie_id":532}
{"people_id":7313,"movie_id":533}
{"people_id":7314,"movie_id":533}
{"people_id":7288,"movie_id":537}
{"people_id":7312,"movie_id":540}
{"people_id":7348,"movie_id":542}
{"people_id":5026,"movie_id":548}
{"people_id":7554,"movie_id":552}
{"people_id":7588,"movie_id":554}
{"people_id":7623,"movie_id":557}
{"people_id":6295,"movie_id":570}
{"people_id":7736,"movie_id":572}
{"people_id":7832,"movie_id":575}
{"people_id":16187,"movie_id":579}
{"people_id":15663,"movie_id":580}
{"people_id":8193,"movie_id":582}
{"people_id":10707,"movie_id":583}
{"people_id":6482,"movie_id":584}
{"people_id":8452,"movie_id":593}
{"people_id":8482,"movie_id":595}
{"people_id":8500,"movie_id":596}
{"people_id":8557,"movie_id":598}
{"people_id":3146,"movie_id":599}
{"people_id":488,"movie_id":601}
{"people_id":6046,"movie_id":602}
{"people_id":7832,"movie_id":613}
{"people_id":6648,"movie_id":614}
{"people_id":2461,"movie_id":615}
{"people_id":8812,"movie_id":618}
{"people_id":8858,"movie_id":620}
{"people_id":2778,"movie_id":624}
{"people_id":17016,"movie_id":628}
{"people_id":9076,"movie_id":631}
{"people_id":10491,"movie_id":633}
{"people_id":9158,"movie_id":634}
{"people_id":4818,"movie_id":637}
{"people_id":9603,"movie_id":643}
{"people_id":488,"movie_id":644}
{"people_id":9730,"movie_id":648}
{"people_id":6482,"movie_id":650}
{"people_id":9789,"movie_id":651}
{"people_id":10249,"movie_id":659}
{"people_id":2725,"movie_id":661}
{"people_id":9956,"movie_id":662}
{"people_id":2675,"movie_id":663}
{"people_id":8574,"movie_id":666}
{"people_id":10099,"movie_id":670}
{"people_id":10965,"movie_id":671}
{"people_id":10139,"movie_id":677}
{"people_id":10146,"movie_id":678}
{"people_id":9915,"movie_id":682}
{"people_id":10139,"movie_id":685}
{"people_id":10316,"movie_id":689}
{"people_id":10346,"movie_id":690}
