{"people_id":16767,"name":"Aki Kaurismäki","birth_date":"1957-04-04"}
{"people_id":27436,"name":"Constantin Costa-Gavras","birth_date":"1933-02-12"}
{"people_id":3110,"name":"Allison Anders","birth_date":"1954-11-16"}
{"people_id":3111,"name":"Alexandre Rockwell","birth_date":"1956-08-18"}
{"people_id":2294,"name":"Robert Rodriguez","birth_date":"1968-06-20"}
{"people_id":138,"name":"Quentin Tarantino","birth_date":"1963-03-27"}
{"people_id":1,"name":"George Lucas","birth_date":"1944-05-14"}
{"people_id":59,"name":"Luc Besson","birth_date":"1959-03-18"}
{"people_id":90,"name":"Isabel Coixet","birth_date":"1960-04-09"}
{"people_id":1704,"name":"Gore Verbinski","birth_date":"1964-03-16"}
{"people_id":160,"name":"Eytan Fox","birth_date":null}
{"people_id":172,"name":"Michael Winterbottom","birth_date":"1961-03-29"}
{"people_id":1776,"name":"Francis Ford Coppola","birth_date":"1939-04-07"}
{"people_id":183,"name":"Koji Morimoto","birth_date":null}
{"people_id":187,"name":"Tensai Okamura","birth_date":null}
{"people_id":223,"name":"Alejandro González Iñárritu","birth_date":"1963-08-15"}
{"people_id":197,"name":"David Silverman","birth_date":"1957-03-15"}
{"people_id":240,"name":"Stanley Kubrick","birth_date":"1928-07-26"}
{"people_id":280,"name":"Terry Gilliam","birth_date":"1940-11-22"}
{"people_id":309,"name":"Pedro Almodóvar","birth_date":"1949-09-25"}
{"people_id":357,"name":"Hany Abu-Assad","birth_date":"1961-10-11"}
{"people_id":578,"name":"Ridley Scott","birth_date":"1937-11-30"}
{"people_id":607,"name":"Zhang Yimou","birth_date":"1951-11-14"}
{"people_id":608,"name":"Hayao Miyazaki","birth_date":"1941-01-05"}
{"people_id":488,"name":"Steven Spielberg","birth_date":"1946-12-18"}
{"people_id":672,"name":"Oskar Roehler","birth_date":"1959-01-21"}
{"people_id":793,"name":"Luis Buñuel","birth_date":"1900-02-22"}
{"people_id":956,"name":"Guy Ritchie","birth_date":"1968-09-10"}
{"people_id":1011,"name":"Susanne Bier","birth_date":"1960-04-15"}
{"people_id":1071,"name":"Tom Tykwer","birth_date":"1965-05-23"}
{"people_id":1090,"name":"John McTiernan","birth_date":"1951-01-08"}
{"people_id":1126,"name":"Krzysztof Kieślowski","birth_date":"1941-06-27"}
{"people_id":1176,"name":"Lone Scherfig","birth_date":"1959-05-02"}
{"people_id":1188,"name":"Kim Ki-Duk","birth_date":"1960-12-20"}
{"people_id":1396,"name":"Hanna Krall","birth_date":null}
{"people_id":1414,"name":"Gorō Miyazaki","birth_date":null}
{"people_id":1486,"name":"Donn Alan Pennebaker","birth_date":"1925-07-15"}
{"people_id":1496,"name":"Tod Browning","birth_date":"1882-07-12"}
{"people_id":1558,"name":"Søren Kragh-Jacobsen","birth_date":"1947-03-02"}
{"people_id":2303,"name":"Wim Wenders","birth_date":"1945-08-14"}
{"people_id":1614,"name":"Ang Lee","birth_date":"1954-10-23"}
{"people_id":1650,"name":"François Truffaut","birth_date":"1932-02-06"}
{"people_id":185,"name":"Katsuhiro Ôtomo","birth_date":"1954-04-14"}
{"people_id":1744,"name":"Robert Wise","birth_date":"1914-09-10"}
{"people_id":1788,"name":"Nicholas Meyer","birth_date":"1945-12-24"}
{"people_id":525,"name":"Christopher Nolan","birth_date":"1970-07-30"}
{"people_id":1749,"name":"Leonard Nimoy","birth_date":"1932-03-26"}
{"people_id":1869,"name":"Sönke Wortmann","birth_date":"1959-08-27"}
{"people_id":1867,"name":"Auguste Lumière","birth_date":"1862-10-19"}
{"people_id":1868,"name":"Louis  Lumière","birth_date":"1864-10-05"}
{"people_id":1884,"name":"Steven Soderbergh","birth_date":"1963-01-14"}
{"people_id":24,"name":"Robert Zemeckis","birth_date":"1952-05-14"}
{"people_id":1961,"name":"Claude Pinoteau","birth_date":"1925-05-25"}
{"people_id":1748,"name":"William Shatner","birth_date":"1931-03-22"}
{"people_id":2087,"name":"Richard Fleischer","birth_date":"1916-12-08"}
{"people_id":2291,"name":"Paul McGuigan","birth_date":"1963-09-19"}
{"people_id":2293,"name":"Frank Miller","birth_date":"1957-01-27"}
{"people_id":2332,"name":"Christian Petzold","birth_date":"1960-09-14"}
{"people_id":2352,"name":"Jean-Jacques Annaud","birth_date":"1943-10-01"}
{"people_id":2380,"name":"David Carson","birth_date":"1948-01-01"}
{"people_id":2419,"name":"Jean-Pierre Jeunet","birth_date":"1953-09-03"}
{"people_id":2388,"name":"Jonathan Frakes","birth_date":"1952-08-19"}
{"people_id":2523,"name":"Stuart Baird","birth_date":"1947-11-30"}
{"people_id":2559,"name":"Henri-Georges Clouzot","birth_date":"1907-11-07"}
{"people_id":2589,"name":"Terry George","birth_date":"1952-12-20"}
{"people_id":2775,"name":"Corey Allen","birth_date":"1934-06-29"}
{"people_id":2675,"name":"Darren Lynn Bousman","birth_date":"1979-01-11"}
{"people_id":2725,"name":"Rainer Werner Fassbinder","birth_date":"1945-05-31"}
{"people_id":2765,"name":"Nicholas Ray","birth_date":"1911-08-07"}
{"people_id":2798,"name":"Walther Ruttmann","birth_date":"1887-12-28"}
{"people_id":2801,"name":"Andrzej Wajda","birth_date":"1926-03-06"}
{"people_id":2891,"name":"Josef von Sternberg","birth_date":"1894-05-29"}
{"people_id":2991,"name":"Robert Wiene","birth_date":"1873-04-27"}
{"people_id":3317,"name":"Takeshi Kitano","birth_date":"1947-01-18"}
{"people_id":3395,"name":"Lasse Spang Olsen","birth_date":"1965-04-23"}
{"people_id":3451,"name":"Mel Stuart","birth_date":"1928-09-02"}
{"people_id":3776,"name":"Jean-Luc Godard","birth_date":"1930-12-03"}
{"people_id":867,"name":"Marc Meyer","birth_date":"1968-06-10"}
{"people_id":3849,"name":"Tage Danielsson","birth_date":"1928-02-05"}
{"people_id":3722,"name":"Hans Weingartner","birth_date":"1970-11-02"}
{"people_id":3974,"name":"Miloš Forman","birth_date":"1932-02-18"}
{"people_id":2710,"name":"James Cameron","birth_date":"1954-08-16"}
{"people_id":201,"name":"Michel Gondry","birth_date":"1963-05-08"}
{"people_id":2000,"name":"Lewis Milestone","birth_date":"1895-09-30"}
{"people_id":72430,"name":"François Ozon","birth_date":"1967-11-15"}
{"people_id":4410,"name":"Roberto Rossellini","birth_date":"1906-05-08"}
{"people_id":4453,"name":"Thomas Vinterberg","birth_date":"1969-05-19"}
{"people_id":4522,"name":"Caroline Link","birth_date":"1964-06-02"}
{"people_id":4590,"name":"Russ Meyer","birth_date":"1922-03-21"}
{"people_id":4617,"name":"Andreas Dresen","birth_date":"1963-08-16"}
{"people_id":4634,"name":"Jasmila Zbanic","birth_date":"1974-12-19"}
{"people_id":4385,"name":"Sergio Leone","birth_date":"1929-01-03"}
{"people_id":5005,"name":"François Dupeyron","birth_date":"1950-08-14"}
{"people_id":4780,"name":"Wolfgang Becker","birth_date":"1954-06-22"}
{"people_id":4429,"name":"Jim Jarmusch","birth_date":"1953-01-22"}
{"people_id":4883,"name":"Manuel Pradal","birth_date":"1964-03-22"}
{"people_id":5192,"name":"Marco Kreuzpaintner","birth_date":"1977-03-11"}
{"people_id":5026,"name":"Akira Kurosawa","birth_date":"1910-03-23"}
{"people_id":5028,"name":"Curt Siodmak","birth_date":"1902-08-10"}
{"people_id":5029,"name":"Robert Siodmak","birth_date":"1900-08-08"}
{"people_id":4065,"name":"Fred Zinnemann","birth_date":"1907-04-29"}
{"people_id":5030,"name":"Edgar G. Ulmer","birth_date":"1904-09-17"}
{"people_id":5091,"name":"Valeska Grisebach","birth_date":"1968-01-04"}
{"people_id":5125,"name":"Fatih Akin","birth_date":"1973-08-25"}
{"people_id":510,"name":"Tim Burton","birth_date":"1958-08-25"}
{"people_id":5140,"name":"Wes Craven","birth_date":"1939-08-02"}
{"people_id":5216,"name":"Gus Van Sant","birth_date":"1952-07-24"}
{"people_id":5231,"name":"Wolfgang Petersen","birth_date":"1941-03-14"}
{"people_id":39996,"name":"Sidney Lumet","birth_date":"1924-06-25"}
{"people_id":5446,"name":"David Hand","birth_date":"1900-01-23"}
{"people_id":5572,"name":"Joel Schumacher","birth_date":"1939-08-23"}
{"people_id":5636,"name":"Helmut Dietl","birth_date":"1944-06-22"}
{"people_id":4415,"name":"Federico Fellini","birth_date":"1920-01-20"}
{"people_id":5763,"name":"Jacques Tati","birth_date":"1907-10-09"}
{"people_id":5742,"name":"Stefan Krohmer","birth_date":"1971-01-01"}
{"people_id":5844,"name":"Detlev Buck","birth_date":"1962-12-01"}
{"people_id":5872,"name":"Joshua Marston","birth_date":"1968-08-13"}
{"people_id":5974,"name":"Reza Bagher","birth_date":null}
{"people_id":6011,"name":"Michael Haneke","birth_date":"1942-03-23"}
{"people_id":6094,"name":"Hans-Christian Schmid","birth_date":"1965-08-19"}
{"people_id":42,"name":"Lars von Trier","birth_date":"1956-04-30"}
{"people_id":6201,"name":"Baz Luhrmann","birth_date":"1962-09-17"}
{"people_id":6220,"name":"Gurinder Chadha","birth_date":"1960-01-10"}
{"people_id":6241,"name":"Ernst Marischka","birth_date":"1893-01-02"}
{"people_id":6273,"name":"Dani Levy","birth_date":"1957-11-17"}
{"people_id":6284,"name":"Kay Pollak","birth_date":"1938-05-21"}
{"people_id":6414,"name":"Maciej Dejczer","birth_date":null}
{"people_id":5602,"name":"David Lynch","birth_date":"1946-01-20"}
{"people_id":6431,"name":"Darren Aronofsky","birth_date":"1969-02-12"}
{"people_id":15858,"name":"Tim Hunter","birth_date":"1947-06-15"}
{"people_id":6521,"name":"Alberto Rodríguez","birth_date":"1971-05-11"}
{"people_id":15798,"name":"Lesli Linka Glatter","birth_date":"1953-07-26"}
{"people_id":8750,"name":"Caleb Deschanel","birth_date":"1944-09-21"}
{"people_id":15794,"name":"Mark Frost","birth_date":"1953-11-25"}
{"people_id":6648,"name":"Ingmar Bergman","birth_date":"1918-07-14"}
{"people_id":243290,"name":"Christian Wagner","birth_date":"1959-09-26"}
{"people_id":6767,"name":"Larry Charles","birth_date":"1956-12-01"}
{"people_id":4027,"name":"Frank Darabont","birth_date":"1959-01-28"}
{"people_id":6817,"name":"Agnès Varda","birth_date":"1928-05-30"}
{"people_id":7314,"name":"Nick Park","birth_date":"1958-12-06"}
{"people_id":7313,"name":"Steve Box","birth_date":"1967-01-23"}
{"people_id":7288,"name":"Stéphane Brizé","birth_date":"1966-10-18"}
{"people_id":7312,"name":"Angela Robinson","birth_date":"1971-02-14"}
{"people_id":7348,"name":"Carlos Carrera","birth_date":"1962-08-18"}
{"people_id":7554,"name":"Silvio Soldini","birth_date":"1958-08-01"}
{"people_id":7588,"name":"Aleksandr Rogozhkin","birth_date":"1949-10-03"}
{"people_id":7623,"name":"Sam Raimi","birth_date":"1959-10-23"}
{"people_id":6295,"name":"Catherine Breillat","birth_date":"1948-07-13"}
{"people_id":7736,"name":"Pål Sletaune","birth_date":null}
{"people_id":7832,"name":"Oliver Hirschbiegel","birth_date":"1957-12-29"}
{"people_id":16187,"name":"Jeannot Szwarc","birth_date":"1939-11-21"}
{"people_id":15663,"name":"Joseph Sargent","birth_date":"1925-07-22"}
{"people_id":8193,"name":"Florian Henckel von Donnersmarck","birth_date":"1973-05-02"}
{"people_id":10707,"name":"Terry Jones","birth_date":"1942-02-01"}
{"people_id":6482,"name":"John Singleton","birth_date":"1968-01-06"}
{"people_id":8452,"name":"Andrei Tarkovsky","birth_date":"1932-04-04"}
{"people_id":8482,"name":"Robert Mulligan","birth_date":"1925-08-23"}
{"people_id":8500,"name":"John Ford","birth_date":"1894-02-01"}
{"people_id":8557,"name":"Fernando Meirelles","birth_date":"1955-11-09"}
{"people_id":3146,"name":"Billy Wilder","birth_date":"1906-06-22"}
{"people_id":6046,"name":"Roland Emmerich","birth_date":"1955-11-10"}
{"people_id":2461,"name":"Mel Gibson","birth_date":"1956-01-03"}
{"people_id":8812,"name":"D. W. Griffith","birth_date":"1875-01-22"}
{"people_id":8858,"name":"Ivan Reitman","birth_date":"1946-10-27"}
{"people_id":2778,"name":"Dennis Hopper","birth_date":"1936-05-17"}
{"people_id":17016,"name":"Neil Jordan","birth_date":"1950-02-25"}
{"people_id":9076,"name":"F.W. Murnau","birth_date":"1888-12-28"}
{"people_id":10491,"name":"Paul Verhoeven","birth_date":"1938-07-18"}
{"people_id":9158,"name":"Sharon Maguire","birth_date":"1960-11-28"}
{"people_id":4818,"name":"Roberto Benigni","birth_date":"1952-10-27"}
{"people_id":9603,"name":"Sergei M. Eisenstein","birth_date":"1898-01-23"}
{"people_id":9730,"name":"Jean Cocteau","birth_date":"1889-07-05"}
{"people_id":9789,"name":"Robert Altman","birth_date":"1925-02-20"}
{"people_id":10249,"name":"Volker Schlöndorff","birth_date":"1939-03-31"}
{"people_id":9956,"name":"Chris Marker","birth_date":"1921-07-29"}
{"people_id":8574,"name":"Walter Salles","birth_date":"1956-04-12"}
{"people_id":10099,"name":"Park Chan-wook","birth_date":"1963-08-23"}
{"people_id":10965,"name":"Chris Columbus","birth_date":"1958-09-10"}
{"people_id":10139,"name":"Leni Riefenstahl","birth_date":"1902-08-22"}
{"people_id":10146,"name":"Jacques Tourneur","birth_date":"1904-11-12"}
{"people_id":9915,"name":"Guy Hamilton","birth_date":"1922-09-16"}
{"people_id":10316,"name":"Theo Angelopoulos","birth_date":"1935-04-27"}
{"people_id":10346,"name":"Robert Bresson","birth_date":"1901-09-25"}
