{"movie_id":1,"genre_id":11}
{"movie_id":1,"genre_id":18}
{"movie_id":1,"genre_id":28}
{"movie_id":1,"genre_id":34}
{"movie_id":1,"genre_id":37}
{"movie_id":1,"genre_id":85}
{"movie_id":1,"genre_id":130}
{"movie_id":1,"genre_id":218}
{"movie_id":1,"genre_id":329}
{"movie_id":1,"genre_id":354}
{"movie_id":1,"genre_id":541}
{"movie_id":1,"genre_id":644}
{"movie_id":1,"genre_id":707}
{"movie_id":1,"genre_id":1033}
{"movie_id":1,"genre_id":1037}
{"movie_id":1,"genre_id":1110}
{"movie_id":1,"genre_id":1119}
{"movie_id":1,"genre_id":1505}
{"movie_id":1,"genre_id":3167}
{"movie_id":1,"genre_id":10215}
{"movie_id":1,"genre_id":10216}
{"movie_id":1,"genre_id":10224}
{"movie_id":3,"genre_id":44}
{"movie_id":4,"genre_id":106}
{"movie_id":4,"genre_id":329}
{"movie_id":4,"genre_id":1110}
{"movie_id":5,"genre_id":18}
{"movie_id":5,"genre_id":49}
{"movie_id":5,"genre_id":124}
{"movie_id":5,"genre_id":303}
{"movie_id":5,"genre_id":1119}
{"movie_id":5,"genre_id":10216}
{"movie_id":5,"genre_id":10228}
{"movie_id":10,"genre_id":11}
{"movie_id":10,"genre_id":12}
{"movie_id":10,"genre_id":13}
{"movie_id":10,"genre_id":939}
{"movie_id":11,"genre_id":11}
{"movie_id":11,"genre_id":12}
{"movie_id":11,"genre_id":13}
{"movie_id":11,"genre_id":17}
{"movie_id":11,"genre_id":49}
{"movie_id":11,"genre_id":50}
{"movie_id":11,"genre_id":104}
{"movie_id":11,"genre_id":151}
{"movie_id":11,"genre_id":1108}
{"movie_id":11,"genre_id":1109}
{"movie_id":11,"genre_id":1110}
{"movie_id":11,"genre_id":3148}
{"movie_id":11,"genre_id":10214}
{"movie_id":11,"genre_id":10215}
{"movie_id":11,"genre_id":10281}
{"movie_id":18,"genre_id":11}
{"movie_id":18,"genre_id":104}
{"movie_id":18,"genre_id":303}
{"movie_id":18,"genre_id":878}
{"movie_id":18,"genre_id":1108}
{"movie_id":18,"genre_id":1109}
{"movie_id":18,"genre_id":10215}
{"movie_id":18,"genre_id":10216}
{"movie_id":18,"genre_id":10217}
{"movie_id":18,"genre_id":10228}
{"movie_id":18,"genre_id":10282}
{"movie_id":18,"genre_id":18385}
{"movie_id":20,"genre_id":19}
{"movie_id":20,"genre_id":71}
{"movie_id":20,"genre_id":219}
{"movie_id":20,"genre_id":303}
{"movie_id":20,"genre_id":865}
{"movie_id":20,"genre_id":10219}
{"movie_id":20,"genre_id":10221}
{"movie_id":20,"genre_id":10224}
{"movie_id":22,"genre_id":14}
{"movie_id":22,"genre_id":17}
{"movie_id":22,"genre_id":35}
{"movie_id":22,"genre_id":50}
{"movie_id":22,"genre_id":104}
{"movie_id":22,"genre_id":145}
{"movie_id":22,"genre_id":541}
{"movie_id":22,"genre_id":1108}
{"movie_id":22,"genre_id":3160}
{"movie_id":22,"genre_id":10214}
{"movie_id":22,"genre_id":10216}
{"movie_id":22,"genre_id":10217}
{"movie_id":22,"genre_id":18385}
{"movie_id":24,"genre_id":28}
{"movie_id":24,"genre_id":34}
{"movie_id":24,"genre_id":49}
{"movie_id":24,"genre_id":50}
{"movie_id":24,"genre_id":54}
{"movie_id":24,"genre_id":81}
{"movie_id":24,"genre_id":134}
{"movie_id":24,"genre_id":141}
{"movie_id":24,"genre_id":193}
{"movie_id":24,"genre_id":252}
{"movie_id":24,"genre_id":684}
{"movie_id":24,"genre_id":874}
{"movie_id":24,"genre_id":1123}
{"movie_id":24,"genre_id":10214}
{"movie_id":24,"genre_id":10215}
{"movie_id":24,"genre_id":10216}
{"movie_id":24,"genre_id":10224}
{"movie_id":24,"genre_id":10225}
{"movie_id":24,"genre_id":10228}
{"movie_id":24,"genre_id":14926}
{"movie_id":26,"genre_id":71}
{"movie_id":26,"genre_id":92}
{"movie_id":26,"genre_id":302}
{"movie_id":27,"genre_id":22}
{"movie_id":27,"genre_id":33}
{"movie_id":27,"genre_id":303}
{"movie_id":27,"genre_id":354}
{"movie_id":27,"genre_id":873}
{"movie_id":27,"genre_id":1195}
{"movie_id":27,"genre_id":3110}
{"movie_id":27,"genre_id":10220}
{"movie_id":27,"genre_id":10221}
{"movie_id":27,"genre_id":10228}
{"movie_id":28,"genre_id":32}
{"movie_id":28,"genre_id":49}
{"movie_id":28,"genre_id":50}
{"movie_id":28,"genre_id":92}
{"movie_id":28,"genre_id":138}
{"movie_id":28,"genre_id":209}
{"movie_id":28,"genre_id":1110}
{"movie_id":28,"genre_id":6033}
{"movie_id":28,"genre_id":10214}
{"movie_id":28,"genre_id":10221}
{"movie_id":28,"genre_id":10222}
{"movie_id":28,"genre_id":10223}
{"movie_id":28,"genre_id":10225}
{"movie_id":28,"genre_id":10227}
{"movie_id":28,"genre_id":10281}
{"movie_id":28,"genre_id":10282}
{"movie_id":30,"genre_id":34}
{"movie_id":30,"genre_id":878}
{"movie_id":31,"genre_id":28}
{"movie_id":31,"genre_id":34}
{"movie_id":31,"genre_id":35}
{"movie_id":36,"genre_id":16}
{"movie_id":36,"genre_id":49}
{"movie_id":36,"genre_id":104}
{"movie_id":36,"genre_id":114}
{"movie_id":36,"genre_id":864}
{"movie_id":36,"genre_id":865}
{"movie_id":36,"genre_id":1110}
{"movie_id":36,"genre_id":3167}
{"movie_id":36,"genre_id":10216}
{"movie_id":36,"genre_id":10217}
{"movie_id":36,"genre_id":10228}
{"movie_id":36,"genre_id":13544}
{"movie_id":55,"genre_id":44}
{"movie_id":55,"genre_id":54}
{"movie_id":55,"genre_id":130}
{"movie_id":55,"genre_id":303}
{"movie_id":55,"genre_id":684}
{"movie_id":55,"genre_id":1580}
{"movie_id":55,"genre_id":3164}
{"movie_id":55,"genre_id":10221}
{"movie_id":55,"genre_id":10225}
{"movie_id":55,"genre_id":10228}
{"movie_id":55,"genre_id":10282}
{"movie_id":60,"genre_id":16}
{"movie_id":60,"genre_id":196}
{"movie_id":60,"genre_id":1109}
{"movie_id":60,"genre_id":3167}
{"movie_id":60,"genre_id":7931}
{"movie_id":60,"genre_id":10216}
{"movie_id":60,"genre_id":13544}
{"movie_id":62,"genre_id":11}
{"movie_id":62,"genre_id":49}
{"movie_id":62,"genre_id":50}
{"movie_id":62,"genre_id":1282}
{"movie_id":62,"genre_id":2979}
{"movie_id":62,"genre_id":3148}
{"movie_id":62,"genre_id":6033}
{"movie_id":62,"genre_id":10215}
{"movie_id":62,"genre_id":10222}
{"movie_id":62,"genre_id":10223}
{"movie_id":62,"genre_id":10228}
{"movie_id":62,"genre_id":10281}
{"movie_id":63,"genre_id":43}
{"movie_id":63,"genre_id":51}
{"movie_id":63,"genre_id":52}
{"movie_id":63,"genre_id":53}
{"movie_id":63,"genre_id":54}
{"movie_id":63,"genre_id":141}
{"movie_id":63,"genre_id":2579}
{"movie_id":63,"genre_id":10215}
{"movie_id":63,"genre_id":10222}
{"movie_id":63,"genre_id":10223}
{"movie_id":63,"genre_id":10225}
{"movie_id":63,"genre_id":10228}
{"movie_id":63,"genre_id":10282}
{"movie_id":63,"genre_id":10464}
{"movie_id":64,"genre_id":73}
{"movie_id":64,"genre_id":209}
{"movie_id":64,"genre_id":219}
{"movie_id":64,"genre_id":301}
{"movie_id":64,"genre_id":303}
{"movie_id":64,"genre_id":329}
{"movie_id":64,"genre_id":865}
{"movie_id":64,"genre_id":3163}
{"movie_id":64,"genre_id":7142}
{"movie_id":64,"genre_id":10219}
{"movie_id":64,"genre_id":10221}
{"movie_id":64,"genre_id":10222}
{"movie_id":64,"genre_id":10281}
{"movie_id":67,"genre_id":54}
{"movie_id":67,"genre_id":92}
{"movie_id":67,"genre_id":302}
{"movie_id":67,"genre_id":303}
{"movie_id":67,"genre_id":1164}
{"movie_id":67,"genre_id":10224}
{"movie_id":67,"genre_id":10225}
{"movie_id":67,"genre_id":10227}
{"movie_id":78,"genre_id":28}
{"movie_id":78,"genre_id":43}
{"movie_id":78,"genre_id":49}
{"movie_id":78,"genre_id":218}
{"movie_id":78,"genre_id":329}
{"movie_id":78,"genre_id":541}
{"movie_id":78,"genre_id":644}
{"movie_id":78,"genre_id":807}
{"movie_id":78,"genre_id":1086}
{"movie_id":78,"genre_id":6033}
{"movie_id":78,"genre_id":10215}
{"movie_id":79,"genre_id":12}
{"movie_id":79,"genre_id":28}
{"movie_id":79,"genre_id":31}
{"movie_id":79,"genre_id":81}
{"movie_id":79,"genre_id":92}
{"movie_id":79,"genre_id":104}
{"movie_id":79,"genre_id":329}
{"movie_id":79,"genre_id":939}
{"movie_id":79,"genre_id":2926}
{"movie_id":79,"genre_id":10215}
{"movie_id":79,"genre_id":10222}
{"movie_id":79,"genre_id":10223}
{"movie_id":79,"genre_id":10228}
{"movie_id":79,"genre_id":10281}
{"movie_id":81,"genre_id":17}
{"movie_id":81,"genre_id":34}
{"movie_id":81,"genre_id":52}
{"movie_id":81,"genre_id":84}
{"movie_id":81,"genre_id":85}
{"movie_id":81,"genre_id":303}
{"movie_id":81,"genre_id":10221}
{"movie_id":81,"genre_id":10223}
{"movie_id":85,"genre_id":17}
{"movie_id":85,"genre_id":28}
{"movie_id":85,"genre_id":49}
{"movie_id":85,"genre_id":50}
{"movie_id":85,"genre_id":89}
{"movie_id":85,"genre_id":104}
{"movie_id":85,"genre_id":1108}
{"movie_id":85,"genre_id":1109}
{"movie_id":85,"genre_id":1110}
{"movie_id":85,"genre_id":1505}
{"movie_id":85,"genre_id":3160}
{"movie_id":85,"genre_id":10214}
{"movie_id":85,"genre_id":10215}
{"movie_id":85,"genre_id":10216}
{"movie_id":85,"genre_id":10217}
{"movie_id":85,"genre_id":10219}
{"movie_id":85,"genre_id":10281}
{"movie_id":86,"genre_id":33}
{"movie_id":86,"genre_id":44}
{"movie_id":86,"genre_id":71}
{"movie_id":86,"genre_id":122}
{"movie_id":86,"genre_id":6033}
{"movie_id":86,"genre_id":10216}
{"movie_id":86,"genre_id":10217}
{"movie_id":86,"genre_id":10220}
{"movie_id":86,"genre_id":10224}
{"movie_id":91,"genre_id":101}
{"movie_id":91,"genre_id":204}
{"movie_id":99,"genre_id":18}
{"movie_id":99,"genre_id":69}
{"movie_id":99,"genre_id":71}
{"movie_id":99,"genre_id":73}
{"movie_id":99,"genre_id":129}
{"movie_id":99,"genre_id":130}
{"movie_id":99,"genre_id":302}
{"movie_id":99,"genre_id":865}
{"movie_id":99,"genre_id":3163}
{"movie_id":99,"genre_id":7141}
{"movie_id":99,"genre_id":10221}
{"movie_id":99,"genre_id":10222}
{"movie_id":99,"genre_id":10228}
{"movie_id":99,"genre_id":10281}
{"movie_id":99,"genre_id":14354}
{"movie_id":99,"genre_id":15588}
{"movie_id":100,"genre_id":35}
{"movie_id":100,"genre_id":49}
{"movie_id":100,"genre_id":87}
{"movie_id":100,"genre_id":250}
{"movie_id":100,"genre_id":1125}
{"movie_id":100,"genre_id":10215}
{"movie_id":100,"genre_id":10216}
{"movie_id":100,"genre_id":10218}
{"movie_id":100,"genre_id":10228}
{"movie_id":101,"genre_id":18}
{"movie_id":101,"genre_id":28}
{"movie_id":101,"genre_id":49}
{"movie_id":101,"genre_id":50}
{"movie_id":101,"genre_id":53}
{"movie_id":101,"genre_id":134}
{"movie_id":101,"genre_id":249}
{"movie_id":101,"genre_id":251}
{"movie_id":101,"genre_id":541}
{"movie_id":101,"genre_id":864}
{"movie_id":101,"genre_id":1080}
{"movie_id":101,"genre_id":1109}
{"movie_id":101,"genre_id":1110}
{"movie_id":101,"genre_id":2738}
{"movie_id":102,"genre_id":19}
{"movie_id":102,"genre_id":20}
{"movie_id":102,"genre_id":54}
{"movie_id":102,"genre_id":71}
{"movie_id":102,"genre_id":87}
{"movie_id":102,"genre_id":219}
{"movie_id":102,"genre_id":303}
{"movie_id":102,"genre_id":353}
{"movie_id":102,"genre_id":707}
{"movie_id":104,"genre_id":19}
{"movie_id":104,"genre_id":54}
{"movie_id":104,"genre_id":71}
{"movie_id":104,"genre_id":329}
{"movie_id":104,"genre_id":354}
{"movie_id":104,"genre_id":684}
{"movie_id":104,"genre_id":1119}
{"movie_id":104,"genre_id":10214}
{"movie_id":104,"genre_id":10222}
{"movie_id":104,"genre_id":10228}
{"movie_id":106,"genre_id":28}
{"movie_id":106,"genre_id":31}
{"movie_id":106,"genre_id":49}
{"movie_id":106,"genre_id":104}
{"movie_id":106,"genre_id":159}
{"movie_id":106,"genre_id":245}
{"movie_id":106,"genre_id":864}
{"movie_id":106,"genre_id":874}
{"movie_id":106,"genre_id":878}
{"movie_id":106,"genre_id":1110}
{"movie_id":106,"genre_id":10214}
{"movie_id":106,"genre_id":10215}
{"movie_id":106,"genre_id":10225}
{"movie_id":106,"genre_id":10226}
{"movie_id":106,"genre_id":10282}
{"movie_id":108,"genre_id":18}
{"movie_id":108,"genre_id":54}
{"movie_id":108,"genre_id":71}
{"movie_id":108,"genre_id":302}
{"movie_id":108,"genre_id":3163}
{"movie_id":108,"genre_id":10221}
{"movie_id":108,"genre_id":10222}
{"movie_id":108,"genre_id":10227}
{"movie_id":109,"genre_id":56}
{"movie_id":110,"genre_id":18}
{"movie_id":110,"genre_id":54}
{"movie_id":110,"genre_id":302}
{"movie_id":110,"genre_id":303}
{"movie_id":110,"genre_id":3163}
{"movie_id":110,"genre_id":10221}
{"movie_id":110,"genre_id":10222}
{"movie_id":110,"genre_id":10282}
{"movie_id":112,"genre_id":20}
{"movie_id":112,"genre_id":54}
{"movie_id":112,"genre_id":71}
{"movie_id":112,"genre_id":114}
{"movie_id":112,"genre_id":122}
{"movie_id":112,"genre_id":126}
{"movie_id":112,"genre_id":130}
{"movie_id":112,"genre_id":302}
{"movie_id":112,"genre_id":303}
{"movie_id":112,"genre_id":707}
{"movie_id":113,"genre_id":19}
{"movie_id":113,"genre_id":54}
{"movie_id":113,"genre_id":69}
{"movie_id":113,"genre_id":87}
{"movie_id":113,"genre_id":353}
{"movie_id":113,"genre_id":1167}
{"movie_id":124,"genre_id":92}
{"movie_id":125,"genre_id":202}
{"movie_id":125,"genre_id":1122}
{"movie_id":126,"genre_id":92}
{"movie_id":127,"genre_id":54}
{"movie_id":128,"genre_id":14}
{"movie_id":128,"genre_id":17}
{"movie_id":128,"genre_id":34}
{"movie_id":128,"genre_id":10215}
{"movie_id":128,"genre_id":10221}
{"movie_id":129,"genre_id":13}
{"movie_id":129,"genre_id":17}
{"movie_id":129,"genre_id":34}
{"movie_id":129,"genre_id":10215}
{"movie_id":129,"genre_id":10218}
{"movie_id":129,"genre_id":10221}
{"movie_id":129,"genre_id":10228}
{"movie_id":129,"genre_id":10281}
{"movie_id":129,"genre_id":17580}
{"movie_id":130,"genre_id":34}
{"movie_id":130,"genre_id":10214}
{"movie_id":130,"genre_id":10215}
{"movie_id":130,"genre_id":10223}
{"movie_id":135,"genre_id":99}
{"movie_id":135,"genre_id":210}
{"movie_id":135,"genre_id":14453}
{"movie_id":136,"genre_id":49}
{"movie_id":136,"genre_id":54}
{"movie_id":136,"genre_id":158}
{"movie_id":136,"genre_id":301}
{"movie_id":136,"genre_id":818}
{"movie_id":136,"genre_id":1110}
{"movie_id":136,"genre_id":3165}
{"movie_id":136,"genre_id":10215}
{"movie_id":136,"genre_id":10221}
{"movie_id":136,"genre_id":10222}
{"movie_id":136,"genre_id":10224}
{"movie_id":136,"genre_id":10225}
{"movie_id":136,"genre_id":10228}
{"movie_id":136,"genre_id":14726}
{"movie_id":139,"genre_id":20}
{"movie_id":139,"genre_id":71}
{"movie_id":139,"genre_id":122}
{"movie_id":140,"genre_id":44}
{"movie_id":140,"genre_id":53}
{"movie_id":140,"genre_id":71}
{"movie_id":140,"genre_id":219}
{"movie_id":140,"genre_id":302}
{"movie_id":140,"genre_id":353}
{"movie_id":140,"genre_id":3163}
{"movie_id":140,"genre_id":10216}
{"movie_id":140,"genre_id":10220}
{"movie_id":140,"genre_id":10225}
{"movie_id":140,"genre_id":10227}
{"movie_id":140,"genre_id":10228}
{"movie_id":144,"genre_id":13}
{"movie_id":144,"genre_id":33}
{"movie_id":144,"genre_id":301}
{"movie_id":144,"genre_id":302}
{"movie_id":144,"genre_id":353}
{"movie_id":144,"genre_id":354}
{"movie_id":144,"genre_id":1178}
{"movie_id":144,"genre_id":10219}
{"movie_id":144,"genre_id":10221}
{"movie_id":144,"genre_id":10223}
{"movie_id":146,"genre_id":12}
{"movie_id":146,"genre_id":14}
{"movie_id":146,"genre_id":28}
{"movie_id":146,"genre_id":33}
{"movie_id":146,"genre_id":81}
{"movie_id":146,"genre_id":2926}
{"movie_id":146,"genre_id":10214}
{"movie_id":146,"genre_id":10219}
{"movie_id":146,"genre_id":10221}
{"movie_id":146,"genre_id":10228}
{"movie_id":146,"genre_id":10281}
{"movie_id":146,"genre_id":10282}
{"movie_id":147,"genre_id":44}
{"movie_id":147,"genre_id":71}
{"movie_id":147,"genre_id":130}
{"movie_id":147,"genre_id":134}
{"movie_id":147,"genre_id":227}
{"movie_id":147,"genre_id":301}
{"movie_id":147,"genre_id":3164}
{"movie_id":147,"genre_id":10221}
{"movie_id":147,"genre_id":10223}
{"movie_id":147,"genre_id":10225}
{"movie_id":148,"genre_id":71}
{"movie_id":148,"genre_id":219}
{"movie_id":148,"genre_id":303}
{"movie_id":149,"genre_id":34}
{"movie_id":149,"genre_id":49}
{"movie_id":149,"genre_id":52}
{"movie_id":149,"genre_id":82}
{"movie_id":149,"genre_id":85}
{"movie_id":149,"genre_id":154}
{"movie_id":149,"genre_id":158}
{"movie_id":149,"genre_id":218}
{"movie_id":149,"genre_id":878}
{"movie_id":149,"genre_id":1049}
{"movie_id":149,"genre_id":2979}
{"movie_id":149,"genre_id":10214}
{"movie_id":149,"genre_id":10215}
{"movie_id":149,"genre_id":10225}
{"movie_id":149,"genre_id":10226}
{"movie_id":149,"genre_id":10227}
{"movie_id":152,"genre_id":11}
{"movie_id":152,"genre_id":50}
{"movie_id":152,"genre_id":104}
{"movie_id":152,"genre_id":864}
{"movie_id":152,"genre_id":1080}
{"movie_id":152,"genre_id":1108}
{"movie_id":152,"genre_id":1109}
{"movie_id":152,"genre_id":1163}
{"movie_id":152,"genre_id":1167}
{"movie_id":152,"genre_id":2979}
{"movie_id":152,"genre_id":10214}
{"movie_id":152,"genre_id":10215}
{"movie_id":152,"genre_id":10282}
{"movie_id":154,"genre_id":11}
{"movie_id":154,"genre_id":43}
{"movie_id":154,"genre_id":50}
{"movie_id":154,"genre_id":1080}
{"movie_id":154,"genre_id":1108}
{"movie_id":154,"genre_id":1109}
{"movie_id":154,"genre_id":1163}
{"movie_id":154,"genre_id":1167}
{"movie_id":154,"genre_id":2979}
{"movie_id":154,"genre_id":10214}
{"movie_id":154,"genre_id":10215}
{"movie_id":154,"genre_id":10223}
{"movie_id":155,"genre_id":50}
{"movie_id":155,"genre_id":53}
{"movie_id":155,"genre_id":85}
{"movie_id":155,"genre_id":104}
{"movie_id":155,"genre_id":878}
{"movie_id":155,"genre_id":1109}
{"movie_id":155,"genre_id":2891}
{"movie_id":155,"genre_id":10214}
{"movie_id":155,"genre_id":10215}
{"movie_id":156,"genre_id":25}
{"movie_id":156,"genre_id":56}
{"movie_id":156,"genre_id":71}
{"movie_id":156,"genre_id":114}
{"movie_id":156,"genre_id":122}
{"movie_id":156,"genre_id":219}
{"movie_id":156,"genre_id":10216}
{"movie_id":156,"genre_id":10221}
{"movie_id":156,"genre_id":10223}
{"movie_id":157,"genre_id":11}
{"movie_id":157,"genre_id":50}
{"movie_id":157,"genre_id":1109}
{"movie_id":157,"genre_id":1163}
{"movie_id":157,"genre_id":1167}
{"movie_id":157,"genre_id":2979}
{"movie_id":157,"genre_id":3160}
{"movie_id":157,"genre_id":10215}
{"movie_id":157,"genre_id":10221}
{"movie_id":159,"genre_id":19}
{"movie_id":159,"genre_id":56}
{"movie_id":159,"genre_id":73}
{"movie_id":159,"genre_id":85}
{"movie_id":159,"genre_id":104}
{"movie_id":159,"genre_id":114}
{"movie_id":159,"genre_id":124}
{"movie_id":159,"genre_id":129}
{"movie_id":159,"genre_id":1108}
{"movie_id":159,"genre_id":1109}
{"movie_id":159,"genre_id":10216}
{"movie_id":159,"genre_id":10217}
{"movie_id":160,"genre_id":17}
{"movie_id":160,"genre_id":206}
{"movie_id":160,"genre_id":301}
{"movie_id":160,"genre_id":303}
{"movie_id":160,"genre_id":1110}
{"movie_id":160,"genre_id":1116}
{"movie_id":160,"genre_id":3148}
{"movie_id":163,"genre_id":35}
{"movie_id":163,"genre_id":50}
{"movie_id":163,"genre_id":104}
{"movie_id":163,"genre_id":250}
{"movie_id":163,"genre_id":1125}
{"movie_id":163,"genre_id":3160}
{"movie_id":163,"genre_id":10216}
{"movie_id":163,"genre_id":10217}
{"movie_id":163,"genre_id":10218}
{"movie_id":165,"genre_id":12}
{"movie_id":165,"genre_id":17}
{"movie_id":165,"genre_id":35}
{"movie_id":165,"genre_id":50}
{"movie_id":165,"genre_id":51}
{"movie_id":165,"genre_id":104}
{"movie_id":165,"genre_id":245}
{"movie_id":165,"genre_id":684}
{"movie_id":165,"genre_id":878}
{"movie_id":165,"genre_id":1108}
{"movie_id":165,"genre_id":1109}
{"movie_id":165,"genre_id":1505}
{"movie_id":165,"genre_id":3160}
{"movie_id":165,"genre_id":10214}
{"movie_id":165,"genre_id":10215}
{"movie_id":165,"genre_id":10216}
{"movie_id":165,"genre_id":10217}
{"movie_id":165,"genre_id":10282}
{"movie_id":166,"genre_id":49}
{"movie_id":166,"genre_id":69}
{"movie_id":166,"genre_id":126}
{"movie_id":166,"genre_id":866}
{"movie_id":166,"genre_id":10219}
{"movie_id":166,"genre_id":10221}
{"movie_id":168,"genre_id":11}
{"movie_id":168,"genre_id":49}
{"movie_id":168,"genre_id":50}
{"movie_id":168,"genre_id":51}
{"movie_id":168,"genre_id":104}
{"movie_id":168,"genre_id":124}
{"movie_id":168,"genre_id":878}
{"movie_id":168,"genre_id":1109}
{"movie_id":168,"genre_id":2979}
{"movie_id":168,"genre_id":3160}
{"movie_id":168,"genre_id":10214}
{"movie_id":168,"genre_id":10216}
{"movie_id":168,"genre_id":10218}
{"movie_id":168,"genre_id":10282}
{"movie_id":172,"genre_id":11}
{"movie_id":172,"genre_id":50}
{"movie_id":172,"genre_id":329}
{"movie_id":172,"genre_id":864}
{"movie_id":172,"genre_id":1109}
{"movie_id":172,"genre_id":2896}
{"movie_id":172,"genre_id":2979}
{"movie_id":172,"genre_id":10214}
{"movie_id":172,"genre_id":10218}
{"movie_id":173,"genre_id":17}
{"movie_id":173,"genre_id":28}
{"movie_id":173,"genre_id":50}
{"movie_id":173,"genre_id":84}
{"movie_id":173,"genre_id":89}
{"movie_id":173,"genre_id":818}
{"movie_id":173,"genre_id":878}
{"movie_id":173,"genre_id":1110}
{"movie_id":173,"genre_id":10215}
{"movie_id":173,"genre_id":10216}
{"movie_id":174,"genre_id":11}
{"movie_id":174,"genre_id":50}
{"movie_id":174,"genre_id":76}
{"movie_id":174,"genre_id":104}
{"movie_id":174,"genre_id":106}
{"movie_id":174,"genre_id":864}
{"movie_id":174,"genre_id":1109}
{"movie_id":174,"genre_id":1167}
{"movie_id":174,"genre_id":2979}
{"movie_id":174,"genre_id":3160}
{"movie_id":174,"genre_id":4866}
{"movie_id":174,"genre_id":10214}
{"movie_id":174,"genre_id":10215}
{"movie_id":174,"genre_id":10282}
{"movie_id":175,"genre_id":12}
{"movie_id":175,"genre_id":33}
{"movie_id":175,"genre_id":210}
{"movie_id":175,"genre_id":219}
{"movie_id":175,"genre_id":10215}
{"movie_id":175,"genre_id":10221}
{"movie_id":175,"genre_id":10228}
{"movie_id":186,"genre_id":35}
{"movie_id":186,"genre_id":50}
{"movie_id":186,"genre_id":53}
{"movie_id":186,"genre_id":80}
{"movie_id":186,"genre_id":1109}
{"movie_id":186,"genre_id":2738}
{"movie_id":186,"genre_id":10067}
{"movie_id":186,"genre_id":10215}
{"movie_id":186,"genre_id":10216}
{"movie_id":186,"genre_id":10217}
{"movie_id":186,"genre_id":10228}
{"movie_id":187,"genre_id":18}
{"movie_id":187,"genre_id":50}
{"movie_id":187,"genre_id":53}
{"movie_id":187,"genre_id":80}
{"movie_id":187,"genre_id":85}
{"movie_id":187,"genre_id":301}
{"movie_id":187,"genre_id":541}
{"movie_id":187,"genre_id":864}
{"movie_id":187,"genre_id":867}
{"movie_id":187,"genre_id":871}
{"movie_id":187,"genre_id":873}
{"movie_id":187,"genre_id":874}
{"movie_id":187,"genre_id":1086}
{"movie_id":187,"genre_id":1119}
{"movie_id":187,"genre_id":8530}
{"movie_id":187,"genre_id":10225}
{"movie_id":187,"genre_id":10228}
{"movie_id":189,"genre_id":28}
{"movie_id":189,"genre_id":53}
{"movie_id":189,"genre_id":85}
{"movie_id":189,"genre_id":1119}
{"movie_id":191,"genre_id":71}
{"movie_id":191,"genre_id":92}
{"movie_id":191,"genre_id":303}
{"movie_id":191,"genre_id":1096}
{"movie_id":191,"genre_id":1167}
{"movie_id":192,"genre_id":18}
{"movie_id":192,"genre_id":36}
{"movie_id":192,"genre_id":79}
{"movie_id":192,"genre_id":144}
{"movie_id":192,"genre_id":818}
{"movie_id":192,"genre_id":939}
{"movie_id":192,"genre_id":1110}
{"movie_id":192,"genre_id":6033}
{"movie_id":192,"genre_id":10214}
{"movie_id":192,"genre_id":10215}
{"movie_id":192,"genre_id":10222}
{"movie_id":192,"genre_id":10223}
{"movie_id":193,"genre_id":11}
{"movie_id":193,"genre_id":50}
{"movie_id":193,"genre_id":51}
{"movie_id":193,"genre_id":104}
{"movie_id":193,"genre_id":1109}
{"movie_id":193,"genre_id":1167}
{"movie_id":193,"genre_id":2979}
{"movie_id":193,"genre_id":3160}
{"movie_id":193,"genre_id":10214}
{"movie_id":193,"genre_id":10215}
{"movie_id":194,"genre_id":49}
{"movie_id":194,"genre_id":104}
{"movie_id":194,"genre_id":126}
{"movie_id":194,"genre_id":302}
{"movie_id":194,"genre_id":353}
{"movie_id":194,"genre_id":354}
{"movie_id":194,"genre_id":865}
{"movie_id":194,"genre_id":1040}
{"movie_id":194,"genre_id":1051}
{"movie_id":194,"genre_id":1058}
{"movie_id":194,"genre_id":1176}
{"movie_id":194,"genre_id":10217}
{"movie_id":194,"genre_id":10218}
{"movie_id":194,"genre_id":10219}
{"movie_id":194,"genre_id":10228}
{"movie_id":194,"genre_id":10282}
{"movie_id":199,"genre_id":11}
{"movie_id":199,"genre_id":50}
{"movie_id":199,"genre_id":51}
{"movie_id":199,"genre_id":52}
{"movie_id":199,"genre_id":104}
{"movie_id":199,"genre_id":878}
{"movie_id":199,"genre_id":1108}
{"movie_id":199,"genre_id":1109}
{"movie_id":199,"genre_id":1167}
{"movie_id":199,"genre_id":2979}
{"movie_id":199,"genre_id":3160}
{"movie_id":199,"genre_id":10213}
{"movie_id":199,"genre_id":10214}
{"movie_id":199,"genre_id":10215}
{"movie_id":199,"genre_id":10216}
{"movie_id":199,"genre_id":10223}
{"movie_id":199,"genre_id":10282}
{"movie_id":200,"genre_id":11}
{"movie_id":200,"genre_id":43}
{"movie_id":200,"genre_id":2979}
{"movie_id":200,"genre_id":10214}
{"movie_id":200,"genre_id":10215}
{"movie_id":201,"genre_id":11}
{"movie_id":201,"genre_id":50}
{"movie_id":201,"genre_id":1108}
{"movie_id":201,"genre_id":1109}
{"movie_id":201,"genre_id":1167}
{"movie_id":201,"genre_id":2896}
{"movie_id":201,"genre_id":2979}
{"movie_id":201,"genre_id":3160}
{"movie_id":201,"genre_id":10214}
{"movie_id":201,"genre_id":10215}
{"movie_id":202,"genre_id":11}
{"movie_id":202,"genre_id":17}
{"movie_id":202,"genre_id":49}
{"movie_id":202,"genre_id":864}
{"movie_id":202,"genre_id":866}
{"movie_id":202,"genre_id":1505}
{"movie_id":202,"genre_id":2979}
{"movie_id":202,"genre_id":10215}
{"movie_id":204,"genre_id":12}
{"movie_id":204,"genre_id":44}
{"movie_id":204,"genre_id":53}
{"movie_id":204,"genre_id":301}
{"movie_id":204,"genre_id":1115}
{"movie_id":204,"genre_id":6033}
{"movie_id":204,"genre_id":10215}
{"movie_id":204,"genre_id":17580}
{"movie_id":205,"genre_id":31}
{"movie_id":205,"genre_id":44}
{"movie_id":205,"genre_id":50}
{"movie_id":205,"genre_id":209}
{"movie_id":205,"genre_id":210}
{"movie_id":205,"genre_id":1112}
{"movie_id":205,"genre_id":1167}
{"movie_id":205,"genre_id":2889}
{"movie_id":205,"genre_id":10223}
{"movie_id":205,"genre_id":10224}
{"movie_id":205,"genre_id":10282}
{"movie_id":210,"genre_id":17}
{"movie_id":210,"genre_id":43}
{"movie_id":210,"genre_id":49}
{"movie_id":210,"genre_id":50}
{"movie_id":210,"genre_id":866}
{"movie_id":210,"genre_id":878}
{"movie_id":210,"genre_id":1108}
{"movie_id":210,"genre_id":2979}
{"movie_id":210,"genre_id":3135}
{"movie_id":210,"genre_id":3160}
{"movie_id":214,"genre_id":39}
{"movie_id":214,"genre_id":50}
{"movie_id":214,"genre_id":141}
{"movie_id":214,"genre_id":157}
{"movie_id":214,"genre_id":1108}
{"movie_id":214,"genre_id":2579}
{"movie_id":214,"genre_id":10067}
{"movie_id":214,"genre_id":10215}
{"movie_id":214,"genre_id":10225}
{"movie_id":214,"genre_id":10227}
{"movie_id":214,"genre_id":14710}
{"movie_id":215,"genre_id":39}
{"movie_id":215,"genre_id":141}
{"movie_id":215,"genre_id":157}
{"movie_id":215,"genre_id":2579}
{"movie_id":215,"genre_id":10066}
{"movie_id":215,"genre_id":10214}
{"movie_id":215,"genre_id":10215}
{"movie_id":215,"genre_id":10225}
{"movie_id":215,"genre_id":10226}
{"movie_id":215,"genre_id":10227}
{"movie_id":216,"genre_id":44}
{"movie_id":216,"genre_id":87}
{"movie_id":216,"genre_id":127}
{"movie_id":216,"genre_id":130}
{"movie_id":216,"genre_id":303}
{"movie_id":216,"genre_id":524}
{"movie_id":216,"genre_id":1110}
{"movie_id":216,"genre_id":3163}
{"movie_id":216,"genre_id":10221}
{"movie_id":216,"genre_id":10223}
{"movie_id":216,"genre_id":10224}
{"movie_id":216,"genre_id":10227}
{"movie_id":217,"genre_id":17}
{"movie_id":217,"genre_id":50}
{"movie_id":217,"genre_id":89}
{"movie_id":217,"genre_id":104}
{"movie_id":217,"genre_id":1108}
{"movie_id":217,"genre_id":10214}
{"movie_id":217,"genre_id":10215}
{"movie_id":217,"genre_id":10216}
{"movie_id":217,"genre_id":10217}
{"movie_id":217,"genre_id":18385}
{"movie_id":221,"genre_id":49}
{"movie_id":221,"genre_id":50}
{"movie_id":221,"genre_id":69}
{"movie_id":221,"genre_id":71}
{"movie_id":221,"genre_id":541}
{"movie_id":221,"genre_id":1108}
{"movie_id":221,"genre_id":1110}
{"movie_id":221,"genre_id":3137}
{"movie_id":221,"genre_id":10215}
{"movie_id":221,"genre_id":10219}
{"movie_id":221,"genre_id":10221}
{"movie_id":221,"genre_id":10223}
{"movie_id":221,"genre_id":10224}
{"movie_id":221,"genre_id":10282}
{"movie_id":222,"genre_id":36}
{"movie_id":222,"genre_id":99}
{"movie_id":222,"genre_id":209}
{"movie_id":222,"genre_id":354}
{"movie_id":222,"genre_id":1110}
{"movie_id":222,"genre_id":1116}
{"movie_id":222,"genre_id":1823}
{"movie_id":222,"genre_id":3165}
{"movie_id":222,"genre_id":10222}
{"movie_id":222,"genre_id":10223}
{"movie_id":222,"genre_id":10228}
{"movie_id":222,"genre_id":10947}
{"movie_id":224,"genre_id":36}
{"movie_id":224,"genre_id":92}
{"movie_id":224,"genre_id":134}
{"movie_id":225,"genre_id":36}
{"movie_id":225,"genre_id":92}
{"movie_id":225,"genre_id":133}
{"movie_id":225,"genre_id":134}
{"movie_id":225,"genre_id":329}
{"movie_id":228,"genre_id":19}
{"movie_id":228,"genre_id":54}
{"movie_id":228,"genre_id":818}
{"movie_id":228,"genre_id":1110}
{"movie_id":228,"genre_id":3165}
{"movie_id":228,"genre_id":10221}
{"movie_id":228,"genre_id":10223}
{"movie_id":234,"genre_id":80}
{"movie_id":234,"genre_id":158}
{"movie_id":234,"genre_id":1038}
{"movie_id":234,"genre_id":1089}
{"movie_id":234,"genre_id":1116}
{"movie_id":234,"genre_id":3148}
{"movie_id":234,"genre_id":3165}
{"movie_id":234,"genre_id":10215}
{"movie_id":234,"genre_id":10222}
{"movie_id":234,"genre_id":10226}
{"movie_id":234,"genre_id":10227}
{"movie_id":238,"genre_id":49}
{"movie_id":238,"genre_id":50}
{"movie_id":238,"genre_id":104}
{"movie_id":238,"genre_id":133}
{"movie_id":238,"genre_id":134}
{"movie_id":238,"genre_id":249}
{"movie_id":238,"genre_id":818}
{"movie_id":238,"genre_id":1085}
{"movie_id":238,"genre_id":1110}
{"movie_id":238,"genre_id":1149}
{"movie_id":238,"genre_id":3148}
{"movie_id":238,"genre_id":6033}
{"movie_id":238,"genre_id":10215}
{"movie_id":238,"genre_id":10225}
{"movie_id":238,"genre_id":10281}
{"movie_id":240,"genre_id":49}
{"movie_id":240,"genre_id":50}
{"movie_id":240,"genre_id":76}
{"movie_id":240,"genre_id":127}
{"movie_id":240,"genre_id":133}
{"movie_id":240,"genre_id":134}
{"movie_id":240,"genre_id":249}
{"movie_id":240,"genre_id":818}
{"movie_id":240,"genre_id":864}
{"movie_id":240,"genre_id":867}
{"movie_id":240,"genre_id":1085}
{"movie_id":240,"genre_id":1110}
{"movie_id":240,"genre_id":3148}
{"movie_id":240,"genre_id":6033}
{"movie_id":240,"genre_id":10214}
{"movie_id":240,"genre_id":10215}
{"movie_id":240,"genre_id":10221}
{"movie_id":240,"genre_id":10225}
{"movie_id":240,"genre_id":10281}
{"movie_id":240,"genre_id":10282}
{"movie_id":242,"genre_id":50}
{"movie_id":242,"genre_id":53}
{"movie_id":242,"genre_id":71}
{"movie_id":242,"genre_id":104}
{"movie_id":242,"genre_id":134}
{"movie_id":242,"genre_id":249}
{"movie_id":242,"genre_id":329}
{"movie_id":242,"genre_id":864}
{"movie_id":242,"genre_id":1080}
{"movie_id":242,"genre_id":1167}
{"movie_id":242,"genre_id":10215}
{"movie_id":242,"genre_id":10223}
{"movie_id":242,"genre_id":10282}
{"movie_id":246,"genre_id":28}
{"movie_id":246,"genre_id":134}
{"movie_id":246,"genre_id":193}
{"movie_id":246,"genre_id":6033}
{"movie_id":246,"genre_id":7286}
{"movie_id":246,"genre_id":10214}
{"movie_id":246,"genre_id":10216}
{"movie_id":246,"genre_id":10228}
{"movie_id":250,"genre_id":28}
{"movie_id":250,"genre_id":56}
{"movie_id":250,"genre_id":87}
{"movie_id":250,"genre_id":154}
{"movie_id":250,"genre_id":541}
{"movie_id":250,"genre_id":874}
{"movie_id":250,"genre_id":2738}
{"movie_id":250,"genre_id":10066}
{"movie_id":250,"genre_id":10067}
{"movie_id":250,"genre_id":10216}
{"movie_id":250,"genre_id":10225}
{"movie_id":250,"genre_id":10228}
{"movie_id":250,"genre_id":18385}
{"movie_id":252,"genre_id":17}
{"movie_id":252,"genre_id":22}
{"movie_id":252,"genre_id":35}
{"movie_id":252,"genre_id":50}
{"movie_id":252,"genre_id":154}
{"movie_id":252,"genre_id":1108}
{"movie_id":252,"genre_id":1110}
{"movie_id":252,"genre_id":6033}
{"movie_id":252,"genre_id":8741}
{"movie_id":252,"genre_id":10216}
{"movie_id":252,"genre_id":10217}
{"movie_id":252,"genre_id":10221}
{"movie_id":252,"genre_id":10282}
{"movie_id":255,"genre_id":33}
{"movie_id":255,"genre_id":35}
{"movie_id":255,"genre_id":126}
{"movie_id":255,"genre_id":227}
{"movie_id":255,"genre_id":10216}
{"movie_id":255,"genre_id":10217}
{"movie_id":256,"genre_id":18}
{"movie_id":256,"genre_id":19}
{"movie_id":256,"genre_id":69}
{"movie_id":256,"genre_id":227}
{"movie_id":256,"genre_id":301}
{"movie_id":258,"genre_id":18}
{"movie_id":258,"genre_id":35}
{"movie_id":258,"genre_id":49}
{"movie_id":258,"genre_id":122}
{"movie_id":258,"genre_id":126}
{"movie_id":258,"genre_id":127}
{"movie_id":258,"genre_id":227}
{"movie_id":258,"genre_id":10217}
{"movie_id":258,"genre_id":10219}
{"movie_id":258,"genre_id":10221}
{"movie_id":259,"genre_id":33}
{"movie_id":259,"genre_id":35}
{"movie_id":259,"genre_id":127}
{"movie_id":259,"genre_id":130}
{"movie_id":259,"genre_id":227}
{"movie_id":259,"genre_id":329}
{"movie_id":266,"genre_id":33}
{"movie_id":266,"genre_id":127}
{"movie_id":266,"genre_id":130}
{"movie_id":266,"genre_id":227}
{"movie_id":266,"genre_id":302}
{"movie_id":266,"genre_id":1110}
{"movie_id":266,"genre_id":1164}
{"movie_id":266,"genre_id":1178}
{"movie_id":266,"genre_id":5702}
{"movie_id":266,"genre_id":6033}
{"movie_id":267,"genre_id":122}
{"movie_id":267,"genre_id":127}
{"movie_id":267,"genre_id":130}
{"movie_id":267,"genre_id":142}
{"movie_id":267,"genre_id":303}
{"movie_id":267,"genre_id":867}
{"movie_id":267,"genre_id":1123}
{"movie_id":267,"genre_id":1479}
{"movie_id":267,"genre_id":6033}
{"movie_id":267,"genre_id":10220}
{"movie_id":267,"genre_id":10222}
{"movie_id":269,"genre_id":19}
{"movie_id":269,"genre_id":49}
{"movie_id":269,"genre_id":87}
{"movie_id":269,"genre_id":227}
{"movie_id":269,"genre_id":1076}
{"movie_id":269,"genre_id":1195}
{"movie_id":269,"genre_id":2738}
{"movie_id":269,"genre_id":10215}
{"movie_id":269,"genre_id":10228}
{"movie_id":270,"genre_id":13}
{"movie_id":270,"genre_id":71}
{"movie_id":270,"genre_id":87}
{"movie_id":270,"genre_id":122}
{"movie_id":270,"genre_id":302}
{"movie_id":271,"genre_id":12}
{"movie_id":271,"genre_id":13}
{"movie_id":271,"genre_id":17}
{"movie_id":271,"genre_id":49}
{"movie_id":271,"genre_id":71}
{"movie_id":271,"genre_id":303}
{"movie_id":271,"genre_id":869}
{"movie_id":271,"genre_id":939}
{"movie_id":271,"genre_id":6033}
{"movie_id":271,"genre_id":10215}
{"movie_id":271,"genre_id":10221}
{"movie_id":273,"genre_id":69}
{"movie_id":273,"genre_id":87}
{"movie_id":273,"genre_id":219}
{"movie_id":273,"genre_id":1073}
{"movie_id":273,"genre_id":1113}
{"movie_id":273,"genre_id":1137}
{"movie_id":273,"genre_id":1195}
{"movie_id":273,"genre_id":1204}
{"movie_id":273,"genre_id":1246}
{"movie_id":273,"genre_id":1249}
{"movie_id":273,"genre_id":3164}
{"movie_id":273,"genre_id":10227}
{"movie_id":273,"genre_id":10228}
{"movie_id":276,"genre_id":122}
{"movie_id":276,"genre_id":134}
{"movie_id":276,"genre_id":303}
{"movie_id":276,"genre_id":1195}
{"movie_id":276,"genre_id":1246}
{"movie_id":276,"genre_id":10221}
{"movie_id":276,"genre_id":10222}
{"movie_id":276,"genre_id":10223}
{"movie_id":276,"genre_id":10228}
{"movie_id":279,"genre_id":19}
{"movie_id":279,"genre_id":22}
{"movie_id":279,"genre_id":36}
{"movie_id":279,"genre_id":50}
{"movie_id":279,"genre_id":71}
{"movie_id":279,"genre_id":209}
{"movie_id":279,"genre_id":329}
{"movie_id":279,"genre_id":939}
{"movie_id":279,"genre_id":1024}
{"movie_id":279,"genre_id":1110}
{"movie_id":279,"genre_id":1134}
{"movie_id":279,"genre_id":1147}
{"movie_id":279,"genre_id":2890}
{"movie_id":279,"genre_id":10222}
{"movie_id":280,"genre_id":28}
{"movie_id":280,"genre_id":49}
{"movie_id":280,"genre_id":50}
{"movie_id":280,"genre_id":51}
{"movie_id":280,"genre_id":52}
{"movie_id":280,"genre_id":53}
{"movie_id":280,"genre_id":104}
{"movie_id":280,"genre_id":878}
{"movie_id":280,"genre_id":1167}
{"movie_id":280,"genre_id":3148}
{"movie_id":280,"genre_id":3160}
{"movie_id":280,"genre_id":10214}
{"movie_id":280,"genre_id":10215}
{"movie_id":280,"genre_id":10216}
{"movie_id":280,"genre_id":10223}
{"movie_id":280,"genre_id":10281}
{"movie_id":283,"genre_id":878}
{"movie_id":286,"genre_id":206}
{"movie_id":286,"genre_id":10218}
{"movie_id":286,"genre_id":10221}
{"movie_id":292,"genre_id":22}
{"movie_id":292,"genre_id":35}
{"movie_id":292,"genre_id":101}
{"movie_id":292,"genre_id":866}
{"movie_id":298,"genre_id":35}
{"movie_id":298,"genre_id":250}
{"movie_id":298,"genre_id":10214}
{"movie_id":298,"genre_id":10215}
{"movie_id":298,"genre_id":10216}
{"movie_id":298,"genre_id":10217}
{"movie_id":298,"genre_id":10218}
{"movie_id":299,"genre_id":12}
{"movie_id":299,"genre_id":49}
{"movie_id":299,"genre_id":50}
{"movie_id":299,"genre_id":241}
{"movie_id":299,"genre_id":864}
{"movie_id":299,"genre_id":1110}
{"movie_id":299,"genre_id":1125}
{"movie_id":299,"genre_id":10215}
{"movie_id":299,"genre_id":10216}
{"movie_id":300,"genre_id":33}
{"movie_id":300,"genre_id":122}
{"movie_id":300,"genre_id":228}
{"movie_id":300,"genre_id":303}
{"movie_id":300,"genre_id":353}
{"movie_id":300,"genre_id":1033}
{"movie_id":300,"genre_id":1071}
{"movie_id":300,"genre_id":10219}
{"movie_id":300,"genre_id":10221}
{"movie_id":300,"genre_id":10228}
{"movie_id":302,"genre_id":141}
{"movie_id":302,"genre_id":142}
{"movie_id":302,"genre_id":302}
{"movie_id":302,"genre_id":353}
{"movie_id":302,"genre_id":818}
{"movie_id":302,"genre_id":10215}
{"movie_id":302,"genre_id":10220}
{"movie_id":302,"genre_id":10597}
{"movie_id":307,"genre_id":18}
{"movie_id":307,"genre_id":31}
{"movie_id":307,"genre_id":32}
{"movie_id":307,"genre_id":301}
{"movie_id":307,"genre_id":874}
{"movie_id":307,"genre_id":1101}
{"movie_id":307,"genre_id":1167}
{"movie_id":309,"genre_id":20}
{"movie_id":309,"genre_id":44}
{"movie_id":309,"genre_id":71}
{"movie_id":309,"genre_id":87}
{"movie_id":309,"genre_id":134}
{"movie_id":309,"genre_id":302}
{"movie_id":309,"genre_id":353}
{"movie_id":309,"genre_id":1167}
{"movie_id":309,"genre_id":10215}
{"movie_id":309,"genre_id":10223}
{"movie_id":309,"genre_id":10228}
{"movie_id":312,"genre_id":17}
{"movie_id":312,"genre_id":19}
{"movie_id":312,"genre_id":69}
{"movie_id":312,"genre_id":71}
{"movie_id":312,"genre_id":302}
{"movie_id":312,"genre_id":10221}
{"movie_id":312,"genre_id":10223}
{"movie_id":312,"genre_id":10282}
{"movie_id":315,"genre_id":18}
{"movie_id":315,"genre_id":28}
{"movie_id":315,"genre_id":49}
{"movie_id":315,"genre_id":56}
{"movie_id":315,"genre_id":80}
{"movie_id":315,"genre_id":301}
{"movie_id":315,"genre_id":303}
{"movie_id":315,"genre_id":867}
{"movie_id":316,"genre_id":44}
{"movie_id":316,"genre_id":49}
{"movie_id":316,"genre_id":71}
{"movie_id":316,"genre_id":87}
{"movie_id":316,"genre_id":122}
{"movie_id":316,"genre_id":127}
{"movie_id":316,"genre_id":302}
{"movie_id":316,"genre_id":353}
{"movie_id":316,"genre_id":1246}
{"movie_id":316,"genre_id":10216}
{"movie_id":316,"genre_id":10217}
{"movie_id":316,"genre_id":10224}
{"movie_id":317,"genre_id":31}
{"movie_id":317,"genre_id":32}
{"movie_id":317,"genre_id":33}
{"movie_id":317,"genre_id":44}
{"movie_id":317,"genre_id":209}
{"movie_id":317,"genre_id":303}
{"movie_id":317,"genre_id":1112}
{"movie_id":317,"genre_id":1113}
{"movie_id":317,"genre_id":17580}
{"movie_id":335,"genre_id":49}
{"movie_id":335,"genre_id":190}
{"movie_id":335,"genre_id":191}
{"movie_id":335,"genre_id":864}
{"movie_id":335,"genre_id":874}
{"movie_id":335,"genre_id":1080}
{"movie_id":335,"genre_id":1088}
{"movie_id":335,"genre_id":1110}
{"movie_id":335,"genre_id":10215}
{"movie_id":335,"genre_id":10223}
{"movie_id":335,"genre_id":10225}
{"movie_id":336,"genre_id":191}
{"movie_id":336,"genre_id":864}
{"movie_id":336,"genre_id":1110}
{"movie_id":336,"genre_id":1167}
{"movie_id":336,"genre_id":10215}
{"movie_id":336,"genre_id":10223}
{"movie_id":336,"genre_id":10225}
{"movie_id":337,"genre_id":69}
{"movie_id":337,"genre_id":71}
{"movie_id":337,"genre_id":1045}
{"movie_id":337,"genre_id":6033}
{"movie_id":337,"genre_id":10221}
{"movie_id":337,"genre_id":10222}
{"movie_id":337,"genre_id":10224}
{"movie_id":338,"genre_id":17}
{"movie_id":338,"genre_id":36}
{"movie_id":338,"genre_id":69}
{"movie_id":338,"genre_id":71}
{"movie_id":338,"genre_id":115}
{"movie_id":338,"genre_id":122}
{"movie_id":338,"genre_id":1109}
{"movie_id":338,"genre_id":10216}
{"movie_id":338,"genre_id":10221}
{"movie_id":338,"genre_id":10222}
{"movie_id":339,"genre_id":49}
{"movie_id":339,"genre_id":56}
{"movie_id":339,"genre_id":87}
{"movie_id":339,"genre_id":353}
{"movie_id":339,"genre_id":1080}
{"movie_id":339,"genre_id":1110}
{"movie_id":339,"genre_id":1119}
{"movie_id":339,"genre_id":10216}
{"movie_id":339,"genre_id":10222}
{"movie_id":339,"genre_id":10224}
{"movie_id":339,"genre_id":10228}
{"movie_id":341,"genre_id":142}
{"movie_id":341,"genre_id":1048}
{"movie_id":341,"genre_id":10215}
{"movie_id":341,"genre_id":10220}
{"movie_id":341,"genre_id":10223}
{"movie_id":342,"genre_id":33}
{"movie_id":342,"genre_id":35}
{"movie_id":342,"genre_id":49}
{"movie_id":342,"genre_id":73}
{"movie_id":342,"genre_id":302}
{"movie_id":342,"genre_id":353}
{"movie_id":342,"genre_id":866}
{"movie_id":342,"genre_id":1167}
{"movie_id":342,"genre_id":10216}
{"movie_id":342,"genre_id":10221}
{"movie_id":342,"genre_id":10222}
{"movie_id":346,"genre_id":18}
{"movie_id":346,"genre_id":28}
{"movie_id":346,"genre_id":49}
{"movie_id":346,"genre_id":193}
{"movie_id":346,"genre_id":1112}
{"movie_id":346,"genre_id":3148}
{"movie_id":346,"genre_id":3165}
{"movie_id":346,"genre_id":7286}
{"movie_id":346,"genre_id":10214}
{"movie_id":346,"genre_id":10215}
{"movie_id":346,"genre_id":10216}
{"movie_id":346,"genre_id":10222}
{"movie_id":346,"genre_id":10223}
{"movie_id":346,"genre_id":10224}
{"movie_id":347,"genre_id":17}
{"movie_id":347,"genre_id":44}
{"movie_id":347,"genre_id":101}
{"movie_id":347,"genre_id":204}
{"movie_id":347,"genre_id":206}
{"movie_id":347,"genre_id":303}
{"movie_id":347,"genre_id":354}
{"movie_id":347,"genre_id":1116}
{"movie_id":347,"genre_id":1823}
{"movie_id":348,"genre_id":49}
{"movie_id":348,"genre_id":50}
{"movie_id":348,"genre_id":104}
{"movie_id":348,"genre_id":159}
{"movie_id":348,"genre_id":867}
{"movie_id":348,"genre_id":874}
{"movie_id":348,"genre_id":878}
{"movie_id":348,"genre_id":1109}
{"movie_id":348,"genre_id":1110}
{"movie_id":348,"genre_id":1133}
{"movie_id":348,"genre_id":1150}
{"movie_id":348,"genre_id":3148}
{"movie_id":348,"genre_id":10214}
{"movie_id":348,"genre_id":10215}
{"movie_id":348,"genre_id":10223}
{"movie_id":348,"genre_id":10225}
{"movie_id":348,"genre_id":10226}
{"movie_id":348,"genre_id":10281}
{"movie_id":351,"genre_id":18}
{"movie_id":351,"genre_id":19}
{"movie_id":363,"genre_id":33}
{"movie_id":363,"genre_id":44}
{"movie_id":363,"genre_id":71}
{"movie_id":363,"genre_id":127}
{"movie_id":363,"genre_id":303}
{"movie_id":363,"genre_id":707}
{"movie_id":363,"genre_id":10219}
{"movie_id":363,"genre_id":10224}
{"movie_id":363,"genre_id":10225}
{"movie_id":363,"genre_id":10228}
{"movie_id":363,"genre_id":17580}
{"movie_id":364,"genre_id":50}
{"movie_id":364,"genre_id":85}
{"movie_id":364,"genre_id":104}
{"movie_id":364,"genre_id":2891}
{"movie_id":364,"genre_id":10214}
{"movie_id":364,"genre_id":10215}
{"movie_id":364,"genre_id":10219}
{"movie_id":364,"genre_id":10220}
{"movie_id":364,"genre_id":10221}
{"movie_id":364,"genre_id":10282}
{"movie_id":377,"genre_id":49}
{"movie_id":377,"genre_id":169}
{"movie_id":377,"genre_id":864}
{"movie_id":377,"genre_id":874}
{"movie_id":377,"genre_id":1110}
{"movie_id":377,"genre_id":10214}
{"movie_id":377,"genre_id":10215}
{"movie_id":377,"genre_id":10226}
{"movie_id":377,"genre_id":10227}
{"movie_id":383,"genre_id":44}
{"movie_id":383,"genre_id":73}
{"movie_id":383,"genre_id":210}
{"movie_id":383,"genre_id":301}
{"movie_id":383,"genre_id":303}
{"movie_id":383,"genre_id":354}
{"movie_id":383,"genre_id":1113}
{"movie_id":383,"genre_id":1168}
{"movie_id":383,"genre_id":3164}
{"movie_id":387,"genre_id":32}
{"movie_id":387,"genre_id":92}
{"movie_id":387,"genre_id":219}
{"movie_id":387,"genre_id":707}
{"movie_id":387,"genre_id":818}
{"movie_id":387,"genre_id":864}
{"movie_id":387,"genre_id":1109}
{"movie_id":387,"genre_id":1110}
{"movie_id":387,"genre_id":6033}
{"movie_id":387,"genre_id":10215}
{"movie_id":387,"genre_id":10223}
{"movie_id":387,"genre_id":10225}
{"movie_id":387,"genre_id":10282}
{"movie_id":389,"genre_id":49}
{"movie_id":389,"genre_id":50}
{"movie_id":389,"genre_id":135}
{"movie_id":389,"genre_id":301}
{"movie_id":389,"genre_id":656}
{"movie_id":389,"genre_id":756}
{"movie_id":389,"genre_id":1110}
{"movie_id":389,"genre_id":1500}
{"movie_id":389,"genre_id":3164}
{"movie_id":389,"genre_id":3165}
{"movie_id":389,"genre_id":10214}
{"movie_id":389,"genre_id":10215}
{"movie_id":389,"genre_id":10223}
{"movie_id":389,"genre_id":10282}
{"movie_id":389,"genre_id":17580}
{"movie_id":390,"genre_id":54}
{"movie_id":390,"genre_id":79}
{"movie_id":390,"genre_id":303}
{"movie_id":390,"genre_id":1123}
{"movie_id":390,"genre_id":1167}
{"movie_id":390,"genre_id":1505}
{"movie_id":391,"genre_id":28}
{"movie_id":391,"genre_id":49}
{"movie_id":391,"genre_id":191}
{"movie_id":391,"genre_id":864}
{"movie_id":391,"genre_id":1110}
{"movie_id":391,"genre_id":10225}
{"movie_id":393,"genre_id":49}
{"movie_id":393,"genre_id":50}
{"movie_id":393,"genre_id":53}
{"movie_id":393,"genre_id":80}
{"movie_id":393,"genre_id":134}
{"movie_id":393,"genre_id":193}
{"movie_id":393,"genre_id":329}
{"movie_id":393,"genre_id":864}
{"movie_id":393,"genre_id":874}
{"movie_id":393,"genre_id":1123}
{"movie_id":393,"genre_id":1152}
{"movie_id":393,"genre_id":10214}
{"movie_id":393,"genre_id":10222}
{"movie_id":393,"genre_id":10225}
{"movie_id":393,"genre_id":10228}
{"movie_id":393,"genre_id":14926}
{"movie_id":407,"genre_id":33}
{"movie_id":407,"genre_id":53}
{"movie_id":407,"genre_id":87}
{"movie_id":407,"genre_id":707}
{"movie_id":407,"genre_id":866}
{"movie_id":408,"genre_id":13}
{"movie_id":408,"genre_id":17}
{"movie_id":408,"genre_id":50}
{"movie_id":408,"genre_id":124}
{"movie_id":408,"genre_id":126}
{"movie_id":408,"genre_id":130}
{"movie_id":408,"genre_id":134}
{"movie_id":408,"genre_id":1110}
{"movie_id":408,"genre_id":6033}
{"movie_id":408,"genre_id":14452}
{"movie_id":408,"genre_id":14726}
{"movie_id":410,"genre_id":18}
{"movie_id":410,"genre_id":44}
{"movie_id":410,"genre_id":865}
{"movie_id":410,"genre_id":1168}
{"movie_id":410,"genre_id":10216}
{"movie_id":410,"genre_id":10217}
{"movie_id":410,"genre_id":10221}
{"movie_id":415,"genre_id":50}
{"movie_id":415,"genre_id":85}
{"movie_id":415,"genre_id":104}
{"movie_id":415,"genre_id":329}
{"movie_id":415,"genre_id":866}
{"movie_id":415,"genre_id":1108}
{"movie_id":415,"genre_id":1109}
{"movie_id":415,"genre_id":2891}
{"movie_id":415,"genre_id":2896}
{"movie_id":415,"genre_id":3160}
{"movie_id":415,"genre_id":10214}
{"movie_id":415,"genre_id":10215}
{"movie_id":415,"genre_id":10216}
{"movie_id":415,"genre_id":10217}
{"movie_id":419,"genre_id":19}
{"movie_id":419,"genre_id":122}
{"movie_id":419,"genre_id":1597}
{"movie_id":419,"genre_id":10219}
{"movie_id":419,"genre_id":10221}
{"movie_id":422,"genre_id":33}
{"movie_id":422,"genre_id":127}
{"movie_id":422,"genre_id":210}
{"movie_id":422,"genre_id":219}
{"movie_id":422,"genre_id":301}
{"movie_id":422,"genre_id":302}
{"movie_id":422,"genre_id":329}
{"movie_id":422,"genre_id":353}
{"movie_id":422,"genre_id":354}
{"movie_id":422,"genre_id":684}
{"movie_id":422,"genre_id":1033}
{"movie_id":422,"genre_id":1045}
{"movie_id":422,"genre_id":1110}
{"movie_id":422,"genre_id":5702}
{"movie_id":427,"genre_id":17}
{"movie_id":427,"genre_id":49}
{"movie_id":427,"genre_id":114}
{"movie_id":427,"genre_id":122}
{"movie_id":427,"genre_id":124}
{"movie_id":427,"genre_id":1104}
{"movie_id":428,"genre_id":71}
{"movie_id":428,"genre_id":87}
{"movie_id":428,"genre_id":219}
{"movie_id":428,"genre_id":303}
{"movie_id":428,"genre_id":1042}
{"movie_id":428,"genre_id":1096}
{"movie_id":428,"genre_id":1167}
{"movie_id":429,"genre_id":31}
{"movie_id":429,"genre_id":49}
{"movie_id":429,"genre_id":56}
{"movie_id":429,"genre_id":190}
{"movie_id":429,"genre_id":191}
{"movie_id":429,"genre_id":656}
{"movie_id":429,"genre_id":864}
{"movie_id":429,"genre_id":1110}
{"movie_id":429,"genre_id":1133}
{"movie_id":429,"genre_id":3148}
{"movie_id":429,"genre_id":3919}
{"movie_id":429,"genre_id":4840}
{"movie_id":429,"genre_id":4844}
{"movie_id":429,"genre_id":10215}
{"movie_id":429,"genre_id":10225}
{"movie_id":429,"genre_id":10228}
{"movie_id":434,"genre_id":44}
{"movie_id":434,"genre_id":69}
{"movie_id":434,"genre_id":87}
{"movie_id":434,"genre_id":219}
{"movie_id":434,"genre_id":303}
{"movie_id":434,"genre_id":707}
{"movie_id":434,"genre_id":1112}
{"movie_id":434,"genre_id":1168}
{"movie_id":434,"genre_id":6033}
{"movie_id":434,"genre_id":10215}
{"movie_id":434,"genre_id":10223}
{"movie_id":434,"genre_id":10225}
{"movie_id":436,"genre_id":44}
{"movie_id":436,"genre_id":87}
{"movie_id":436,"genre_id":92}
{"movie_id":436,"genre_id":10225}
{"movie_id":442,"genre_id":56}
{"movie_id":442,"genre_id":71}
{"movie_id":442,"genre_id":87}
{"movie_id":442,"genre_id":303}
{"movie_id":442,"genre_id":1140}
{"movie_id":442,"genre_id":1167}
{"movie_id":442,"genre_id":6033}
{"movie_id":442,"genre_id":7402}
{"movie_id":445,"genre_id":71}
{"movie_id":445,"genre_id":79}
{"movie_id":445,"genre_id":302}
{"movie_id":445,"genre_id":10215}
{"movie_id":445,"genre_id":10227}
{"movie_id":445,"genre_id":10228}
{"movie_id":446,"genre_id":44}
{"movie_id":446,"genre_id":71}
{"movie_id":446,"genre_id":87}
{"movie_id":446,"genre_id":303}
{"movie_id":446,"genre_id":1096}
{"movie_id":446,"genre_id":1119}
{"movie_id":446,"genre_id":10221}
{"movie_id":446,"genre_id":10224}
{"movie_id":446,"genre_id":18305}
{"movie_id":452,"genre_id":20}
{"movie_id":452,"genre_id":44}
{"movie_id":452,"genre_id":49}
{"movie_id":452,"genre_id":87}
{"movie_id":452,"genre_id":101}
{"movie_id":452,"genre_id":204}
{"movie_id":452,"genre_id":302}
{"movie_id":452,"genre_id":303}
{"movie_id":452,"genre_id":353}
{"movie_id":452,"genre_id":354}
{"movie_id":452,"genre_id":1167}
{"movie_id":452,"genre_id":1246}
{"movie_id":452,"genre_id":9031}
{"movie_id":452,"genre_id":10227}
{"movie_id":452,"genre_id":10228}
{"movie_id":454,"genre_id":33}
{"movie_id":454,"genre_id":71}
{"movie_id":454,"genre_id":1024}
{"movie_id":454,"genre_id":10215}
{"movie_id":454,"genre_id":10219}
{"movie_id":454,"genre_id":10224}
{"movie_id":454,"genre_id":10282}
{"movie_id":455,"genre_id":49}
{"movie_id":455,"genre_id":69}
{"movie_id":455,"genre_id":71}
{"movie_id":455,"genre_id":126}
{"movie_id":455,"genre_id":303}
{"movie_id":455,"genre_id":10107}
{"movie_id":455,"genre_id":10216}
{"movie_id":455,"genre_id":10221}
{"movie_id":458,"genre_id":17}
{"movie_id":458,"genre_id":19}
{"movie_id":458,"genre_id":49}
{"movie_id":458,"genre_id":104}
{"movie_id":458,"genre_id":126}
{"movie_id":458,"genre_id":210}
{"movie_id":458,"genre_id":865}
{"movie_id":458,"genre_id":939}
{"movie_id":458,"genre_id":1110}
{"movie_id":459,"genre_id":17}
{"movie_id":459,"genre_id":19}
{"movie_id":459,"genre_id":49}
{"movie_id":459,"genre_id":104}
{"movie_id":459,"genre_id":210}
{"movie_id":459,"genre_id":707}
{"movie_id":459,"genre_id":865}
{"movie_id":459,"genre_id":939}
{"movie_id":459,"genre_id":1110}
{"movie_id":459,"genre_id":2370}
{"movie_id":460,"genre_id":56}
{"movie_id":460,"genre_id":126}
{"movie_id":460,"genre_id":329}
{"movie_id":460,"genre_id":1055}
{"movie_id":460,"genre_id":1073}
{"movie_id":460,"genre_id":1134}
{"movie_id":460,"genre_id":1137}
{"movie_id":460,"genre_id":1150}
{"movie_id":460,"genre_id":10216}
{"movie_id":460,"genre_id":10217}
{"movie_id":460,"genre_id":10222}
{"movie_id":464,"genre_id":22}
{"movie_id":464,"genre_id":33}
{"movie_id":464,"genre_id":87}
{"movie_id":464,"genre_id":302}
{"movie_id":464,"genre_id":303}
{"movie_id":464,"genre_id":707}
{"movie_id":464,"genre_id":10219}
{"movie_id":464,"genre_id":10221}
{"movie_id":464,"genre_id":10282}
{"movie_id":471,"genre_id":44}
{"movie_id":471,"genre_id":303}
{"movie_id":471,"genre_id":1135}
{"movie_id":471,"genre_id":1152}
{"movie_id":471,"genre_id":1167}
{"movie_id":471,"genre_id":1597}
{"movie_id":472,"genre_id":33}
{"movie_id":472,"genre_id":71}
{"movie_id":472,"genre_id":79}
{"movie_id":472,"genre_id":80}
{"movie_id":472,"genre_id":166}
{"movie_id":472,"genre_id":1150}
{"movie_id":473,"genre_id":53}
{"movie_id":473,"genre_id":87}
{"movie_id":473,"genre_id":301}
{"movie_id":473,"genre_id":303}
{"movie_id":473,"genre_id":878}
{"movie_id":473,"genre_id":3164}
{"movie_id":473,"genre_id":10215}
{"movie_id":473,"genre_id":10222}
{"movie_id":473,"genre_id":10225}
{"movie_id":473,"genre_id":10227}
{"movie_id":474,"genre_id":33}
{"movie_id":474,"genre_id":71}
{"movie_id":474,"genre_id":79}
{"movie_id":474,"genre_id":80}
{"movie_id":474,"genre_id":166}
{"movie_id":474,"genre_id":1150}
{"movie_id":477,"genre_id":27}
{"movie_id":477,"genre_id":33}
{"movie_id":477,"genre_id":35}
{"movie_id":477,"genre_id":71}
{"movie_id":477,"genre_id":79}
{"movie_id":477,"genre_id":80}
{"movie_id":477,"genre_id":166}
{"movie_id":478,"genre_id":33}
{"movie_id":478,"genre_id":49}
{"movie_id":478,"genre_id":71}
{"movie_id":478,"genre_id":79}
{"movie_id":478,"genre_id":80}
{"movie_id":478,"genre_id":166}
{"movie_id":478,"genre_id":864}
{"movie_id":478,"genre_id":865}
{"movie_id":478,"genre_id":1150}
{"movie_id":481,"genre_id":44}
{"movie_id":481,"genre_id":303}
{"movie_id":481,"genre_id":1112}
{"movie_id":481,"genre_id":1167}
{"movie_id":481,"genre_id":1597}
{"movie_id":484,"genre_id":33}
{"movie_id":484,"genre_id":49}
{"movie_id":484,"genre_id":71}
{"movie_id":484,"genre_id":79}
{"movie_id":484,"genre_id":80}
{"movie_id":484,"genre_id":166}
{"movie_id":484,"genre_id":864}
{"movie_id":484,"genre_id":865}
{"movie_id":484,"genre_id":1150}
{"movie_id":485,"genre_id":33}
{"movie_id":485,"genre_id":49}
{"movie_id":485,"genre_id":71}
{"movie_id":485,"genre_id":79}
{"movie_id":485,"genre_id":80}
{"movie_id":485,"genre_id":166}
{"movie_id":485,"genre_id":864}
{"movie_id":485,"genre_id":865}
{"movie_id":485,"genre_id":1150}
{"movie_id":486,"genre_id":33}
{"movie_id":486,"genre_id":49}
{"movie_id":486,"genre_id":71}
{"movie_id":486,"genre_id":79}
{"movie_id":486,"genre_id":80}
{"movie_id":486,"genre_id":166}
{"movie_id":486,"genre_id":864}
{"movie_id":486,"genre_id":865}
{"movie_id":486,"genre_id":1150}
{"movie_id":487,"genre_id":33}
{"movie_id":487,"genre_id":49}
{"movie_id":487,"genre_id":71}
{"movie_id":487,"genre_id":79}
{"movie_id":487,"genre_id":80}
{"movie_id":487,"genre_id":166}
{"movie_id":487,"genre_id":864}
{"movie_id":487,"genre_id":865}
{"movie_id":487,"genre_id":1150}
{"movie_id":489,"genre_id":18}
{"movie_id":489,"genre_id":50}
{"movie_id":489,"genre_id":69}
{"movie_id":489,"genre_id":130}
{"movie_id":489,"genre_id":219}
{"movie_id":489,"genre_id":1109}
{"movie_id":489,"genre_id":1167}
{"movie_id":489,"genre_id":10221}
{"movie_id":489,"genre_id":10281}
{"movie_id":489,"genre_id":10282}
{"movie_id":489,"genre_id":14354}
{"movie_id":490,"genre_id":49}
{"movie_id":490,"genre_id":54}
{"movie_id":490,"genre_id":301}
{"movie_id":490,"genre_id":302}
{"movie_id":490,"genre_id":939}
{"movie_id":490,"genre_id":1055}
{"movie_id":490,"genre_id":1110}
{"movie_id":490,"genre_id":1140}
{"movie_id":490,"genre_id":10215}
{"movie_id":490,"genre_id":10222}
{"movie_id":490,"genre_id":10223}
{"movie_id":491,"genre_id":44}
{"movie_id":491,"genre_id":71}
{"movie_id":491,"genre_id":92}
{"movie_id":496,"genre_id":49}
{"movie_id":496,"genre_id":56}
{"movie_id":496,"genre_id":101}
{"movie_id":496,"genre_id":124}
{"movie_id":496,"genre_id":303}
{"movie_id":496,"genre_id":1115}
{"movie_id":496,"genre_id":3115}
{"movie_id":496,"genre_id":10216}
{"movie_id":496,"genre_id":10228}
{"movie_id":496,"genre_id":10282}
{"movie_id":497,"genre_id":50}
{"movie_id":497,"genre_id":104}
{"movie_id":497,"genre_id":134}
{"movie_id":497,"genre_id":707}
{"movie_id":497,"genre_id":818}
{"movie_id":497,"genre_id":1109}
{"movie_id":497,"genre_id":1140}
{"movie_id":497,"genre_id":6033}
{"movie_id":497,"genre_id":10221}
{"movie_id":497,"genre_id":10223}
{"movie_id":497,"genre_id":10224}
{"movie_id":499,"genre_id":19}
{"movie_id":499,"genre_id":92}
{"movie_id":499,"genre_id":227}
{"movie_id":511,"genre_id":44}
{"movie_id":511,"genre_id":49}
{"movie_id":511,"genre_id":302}
{"movie_id":511,"genre_id":353}
{"movie_id":511,"genre_id":1110}
{"movie_id":511,"genre_id":6033}
{"movie_id":514,"genre_id":33}
{"movie_id":514,"genre_id":49}
{"movie_id":514,"genre_id":71}
{"movie_id":514,"genre_id":79}
{"movie_id":514,"genre_id":166}
{"movie_id":514,"genre_id":251}
{"movie_id":514,"genre_id":864}
{"movie_id":514,"genre_id":865}
{"movie_id":514,"genre_id":1150}
{"movie_id":514,"genre_id":3148}
{"movie_id":515,"genre_id":33}
{"movie_id":515,"genre_id":49}
{"movie_id":515,"genre_id":71}
{"movie_id":515,"genre_id":79}
{"movie_id":515,"genre_id":166}
{"movie_id":515,"genre_id":251}
{"movie_id":515,"genre_id":864}
{"movie_id":515,"genre_id":865}
{"movie_id":515,"genre_id":1150}
{"movie_id":516,"genre_id":33}
{"movie_id":516,"genre_id":49}
{"movie_id":516,"genre_id":71}
{"movie_id":516,"genre_id":79}
{"movie_id":516,"genre_id":166}
{"movie_id":516,"genre_id":251}
{"movie_id":516,"genre_id":864}
{"movie_id":516,"genre_id":865}
{"movie_id":516,"genre_id":1150}
{"movie_id":530,"genre_id":12}
{"movie_id":530,"genre_id":17}
{"movie_id":530,"genre_id":35}
{"movie_id":530,"genre_id":87}
{"movie_id":530,"genre_id":197}
{"movie_id":530,"genre_id":869}
{"movie_id":530,"genre_id":878}
{"movie_id":530,"genre_id":939}
{"movie_id":530,"genre_id":1110}
{"movie_id":530,"genre_id":1122}
{"movie_id":530,"genre_id":1249}
{"movie_id":530,"genre_id":6515}
{"movie_id":530,"genre_id":10216}
{"movie_id":531,"genre_id":17}
{"movie_id":531,"genre_id":197}
{"movie_id":531,"genre_id":1122}
{"movie_id":531,"genre_id":6515}
{"movie_id":532,"genre_id":17}
{"movie_id":532,"genre_id":197}
{"movie_id":532,"genre_id":1122}
{"movie_id":532,"genre_id":10216}
{"movie_id":532,"genre_id":10217}
{"movie_id":532,"genre_id":10218}
{"movie_id":533,"genre_id":17}
{"movie_id":533,"genre_id":35}
{"movie_id":533,"genre_id":197}
{"movie_id":533,"genre_id":2731}
{"movie_id":533,"genre_id":6515}
{"movie_id":533,"genre_id":10216}
{"movie_id":533,"genre_id":10217}
{"movie_id":533,"genre_id":10218}
{"movie_id":533,"genre_id":10228}
{"movie_id":533,"genre_id":10281}
{"movie_id":537,"genre_id":33}
{"movie_id":537,"genre_id":126}
{"movie_id":537,"genre_id":303}
{"movie_id":537,"genre_id":1167}
{"movie_id":540,"genre_id":28}
{"movie_id":540,"genre_id":50}
{"movie_id":540,"genre_id":73}
{"movie_id":540,"genre_id":1125}
{"movie_id":540,"genre_id":14999}
{"movie_id":542,"genre_id":33}
{"movie_id":542,"genre_id":44}
{"movie_id":542,"genre_id":353}
{"movie_id":542,"genre_id":1580}
{"movie_id":542,"genre_id":6033}
{"movie_id":548,"genre_id":28}
{"movie_id":548,"genre_id":49}
{"movie_id":548,"genre_id":79}
{"movie_id":548,"genre_id":87}
{"movie_id":548,"genre_id":134}
{"movie_id":548,"genre_id":141}
{"movie_id":548,"genre_id":193}
{"movie_id":548,"genre_id":301}
{"movie_id":548,"genre_id":303}
{"movie_id":548,"genre_id":1110}
{"movie_id":548,"genre_id":6033}
{"movie_id":548,"genre_id":7286}
{"movie_id":548,"genre_id":10215}
{"movie_id":548,"genre_id":10222}
{"movie_id":548,"genre_id":10223}
{"movie_id":548,"genre_id":10225}
{"movie_id":552,"genre_id":87}
{"movie_id":552,"genre_id":126}
{"movie_id":552,"genre_id":303}
{"movie_id":552,"genre_id":353}
{"movie_id":552,"genre_id":1088}
{"movie_id":554,"genre_id":32}
{"movie_id":554,"genre_id":87}
{"movie_id":554,"genre_id":353}
{"movie_id":554,"genre_id":6723}
{"movie_id":557,"genre_id":19}
{"movie_id":557,"genre_id":50}
{"movie_id":557,"genre_id":85}
{"movie_id":557,"genre_id":104}
{"movie_id":557,"genre_id":541}
{"movie_id":557,"genre_id":866}
{"movie_id":557,"genre_id":1049}
{"movie_id":557,"genre_id":1108}
{"movie_id":557,"genre_id":1109}
{"movie_id":557,"genre_id":2891}
{"movie_id":557,"genre_id":3160}
{"movie_id":557,"genre_id":10214}
{"movie_id":557,"genre_id":10215}
{"movie_id":557,"genre_id":10216}
{"movie_id":557,"genre_id":10219}
{"movie_id":570,"genre_id":69}
{"movie_id":570,"genre_id":219}
{"movie_id":570,"genre_id":302}
{"movie_id":570,"genre_id":1113}
{"movie_id":570,"genre_id":10215}
{"movie_id":570,"genre_id":10225}
{"movie_id":572,"genre_id":27}
{"movie_id":572,"genre_id":79}
{"movie_id":572,"genre_id":87}
{"movie_id":572,"genre_id":873}
{"movie_id":572,"genre_id":874}
{"movie_id":572,"genre_id":1112}
{"movie_id":575,"genre_id":87}
{"movie_id":575,"genre_id":141}
{"movie_id":575,"genre_id":209}
{"movie_id":575,"genre_id":219}
{"movie_id":575,"genre_id":303}
{"movie_id":575,"genre_id":6033}
{"movie_id":575,"genre_id":10214}
{"movie_id":575,"genre_id":10215}
{"movie_id":575,"genre_id":10223}
{"movie_id":575,"genre_id":10225}
{"movie_id":575,"genre_id":10227}
{"movie_id":579,"genre_id":28}
{"movie_id":579,"genre_id":50}
{"movie_id":579,"genre_id":53}
{"movie_id":579,"genre_id":86}
{"movie_id":579,"genre_id":1109}
{"movie_id":579,"genre_id":1119}
{"movie_id":580,"genre_id":50}
{"movie_id":580,"genre_id":86}
{"movie_id":580,"genre_id":103}
{"movie_id":580,"genre_id":1108}
{"movie_id":580,"genre_id":2896}
{"movie_id":580,"genre_id":6033}
{"movie_id":580,"genre_id":10216}
{"movie_id":580,"genre_id":10226}
{"movie_id":582,"genre_id":36}
{"movie_id":582,"genre_id":54}
{"movie_id":582,"genre_id":92}
{"movie_id":582,"genre_id":106}
{"movie_id":582,"genre_id":130}
{"movie_id":582,"genre_id":302}
{"movie_id":582,"genre_id":303}
{"movie_id":582,"genre_id":353}
{"movie_id":582,"genre_id":10215}
{"movie_id":582,"genre_id":10221}
{"movie_id":582,"genre_id":10222}
{"movie_id":582,"genre_id":10223}
{"movie_id":582,"genre_id":10224}
{"movie_id":582,"genre_id":10281}
{"movie_id":583,"genre_id":49}
{"movie_id":583,"genre_id":56}
{"movie_id":583,"genre_id":114}
{"movie_id":583,"genre_id":245}
{"movie_id":583,"genre_id":303}
{"movie_id":583,"genre_id":939}
{"movie_id":583,"genre_id":1047}
{"movie_id":583,"genre_id":1110}
{"movie_id":583,"genre_id":1124}
{"movie_id":583,"genre_id":2713}
{"movie_id":583,"genre_id":10216}
{"movie_id":583,"genre_id":10217}
{"movie_id":583,"genre_id":10222}
{"movie_id":583,"genre_id":10228}
{"movie_id":583,"genre_id":14999}
{"movie_id":584,"genre_id":28}
{"movie_id":584,"genre_id":10214}
{"movie_id":593,"genre_id":49}
{"movie_id":593,"genre_id":57}
{"movie_id":593,"genre_id":219}
{"movie_id":593,"genre_id":818}
{"movie_id":593,"genre_id":1107}
{"movie_id":593,"genre_id":1110}
{"movie_id":593,"genre_id":2979}
{"movie_id":593,"genre_id":3148}
{"movie_id":593,"genre_id":10221}
{"movie_id":593,"genre_id":10227}
{"movie_id":593,"genre_id":10228}
{"movie_id":595,"genre_id":17}
{"movie_id":595,"genre_id":50}
{"movie_id":595,"genre_id":69}
{"movie_id":595,"genre_id":71}
{"movie_id":595,"genre_id":135}
{"movie_id":595,"genre_id":353}
{"movie_id":595,"genre_id":1037}
{"movie_id":595,"genre_id":1045}
{"movie_id":595,"genre_id":1055}
{"movie_id":595,"genre_id":1073}
{"movie_id":595,"genre_id":1110}
{"movie_id":595,"genre_id":1133}
{"movie_id":595,"genre_id":1146}
{"movie_id":595,"genre_id":1147}
{"movie_id":595,"genre_id":1152}
{"movie_id":595,"genre_id":1167}
{"movie_id":595,"genre_id":3165}
{"movie_id":595,"genre_id":4870}
{"movie_id":595,"genre_id":6033}
{"movie_id":595,"genre_id":10214}
{"movie_id":595,"genre_id":10215}
{"movie_id":595,"genre_id":10221}
{"movie_id":595,"genre_id":10222}
{"movie_id":595,"genre_id":10223}
{"movie_id":595,"genre_id":10224}
{"movie_id":595,"genre_id":10282}
{"movie_id":595,"genre_id":11083}
{"movie_id":595,"genre_id":14666}
{"movie_id":595,"genre_id":15588}
{"movie_id":596,"genre_id":44}
{"movie_id":596,"genre_id":50}
{"movie_id":596,"genre_id":71}
{"movie_id":596,"genre_id":1110}
{"movie_id":596,"genre_id":1115}
{"movie_id":596,"genre_id":6033}
{"movie_id":596,"genre_id":10221}
{"movie_id":596,"genre_id":10225}
{"movie_id":598,"genre_id":69}
{"movie_id":598,"genre_id":80}
{"movie_id":598,"genre_id":329}
{"movie_id":598,"genre_id":2738}
{"movie_id":598,"genre_id":6033}
{"movie_id":598,"genre_id":10221}
{"movie_id":598,"genre_id":10224}
{"movie_id":598,"genre_id":10225}
{"movie_id":598,"genre_id":10282}
{"movie_id":599,"genre_id":18}
{"movie_id":599,"genre_id":33}
{"movie_id":599,"genre_id":49}
{"movie_id":599,"genre_id":50}
{"movie_id":599,"genre_id":114}
{"movie_id":599,"genre_id":644}
{"movie_id":599,"genre_id":1110}
{"movie_id":599,"genre_id":3165}
{"movie_id":599,"genre_id":5702}
{"movie_id":599,"genre_id":10221}
{"movie_id":599,"genre_id":10227}
{"movie_id":599,"genre_id":10281}
{"movie_id":599,"genre_id":11083}
{"movie_id":601,"genre_id":12}
{"movie_id":601,"genre_id":13}
{"movie_id":601,"genre_id":17}
{"movie_id":601,"genre_id":18}
{"movie_id":601,"genre_id":50}
{"movie_id":601,"genre_id":104}
{"movie_id":601,"genre_id":878}
{"movie_id":601,"genre_id":1109}
{"movie_id":601,"genre_id":1110}
{"movie_id":601,"genre_id":10221}
{"movie_id":601,"genre_id":10224}
{"movie_id":601,"genre_id":10281}
{"movie_id":602,"genre_id":50}
{"movie_id":602,"genre_id":103}
{"movie_id":602,"genre_id":104}
{"movie_id":602,"genre_id":878}
{"movie_id":602,"genre_id":1108}
{"movie_id":602,"genre_id":1109}
{"movie_id":602,"genre_id":2891}
{"movie_id":602,"genre_id":10214}
{"movie_id":602,"genre_id":10215}
{"movie_id":602,"genre_id":10216}
{"movie_id":602,"genre_id":10281}
{"movie_id":602,"genre_id":10282}
{"movie_id":613,"genre_id":31}
{"movie_id":613,"genre_id":36}
{"movie_id":613,"genre_id":92}
{"movie_id":613,"genre_id":209}
{"movie_id":613,"genre_id":210}
{"movie_id":613,"genre_id":353}
{"movie_id":613,"genre_id":7424}
{"movie_id":613,"genre_id":10223}
{"movie_id":613,"genre_id":10224}
{"movie_id":613,"genre_id":10227}
{"movie_id":613,"genre_id":10282}
{"movie_id":614,"genre_id":49}
{"movie_id":614,"genre_id":219}
{"movie_id":614,"genre_id":302}
{"movie_id":614,"genre_id":353}
{"movie_id":614,"genre_id":1110}
{"movie_id":614,"genre_id":17580}
{"movie_id":615,"genre_id":50}
{"movie_id":615,"genre_id":84}
{"movie_id":615,"genre_id":104}
{"movie_id":615,"genre_id":149}
{"movie_id":615,"genre_id":874}
{"movie_id":615,"genre_id":1109}
{"movie_id":615,"genre_id":1112}
{"movie_id":615,"genre_id":2890}
{"movie_id":615,"genre_id":3084}
{"movie_id":615,"genre_id":3128}
{"movie_id":615,"genre_id":10225}
{"movie_id":615,"genre_id":10227}
{"movie_id":615,"genre_id":10282}
{"movie_id":618,"genre_id":36}
{"movie_id":618,"genre_id":44}
{"movie_id":618,"genre_id":49}
{"movie_id":618,"genre_id":92}
{"movie_id":618,"genre_id":104}
{"movie_id":618,"genre_id":301}
{"movie_id":618,"genre_id":1110}
{"movie_id":618,"genre_id":1116}
{"movie_id":618,"genre_id":6033}
{"movie_id":620,"genre_id":49}
{"movie_id":620,"genre_id":50}
{"movie_id":620,"genre_id":104}
{"movie_id":620,"genre_id":121}
{"movie_id":620,"genre_id":126}
{"movie_id":620,"genre_id":154}
{"movie_id":620,"genre_id":541}
{"movie_id":620,"genre_id":878}
{"movie_id":620,"genre_id":1108}
{"movie_id":620,"genre_id":1109}
{"movie_id":620,"genre_id":1505}
{"movie_id":620,"genre_id":3160}
{"movie_id":620,"genre_id":10215}
{"movie_id":620,"genre_id":10216}
{"movie_id":620,"genre_id":10217}
{"movie_id":620,"genre_id":10282}
{"movie_id":620,"genre_id":13544}
{"movie_id":624,"genre_id":49}
{"movie_id":624,"genre_id":69}
{"movie_id":624,"genre_id":541}
{"movie_id":624,"genre_id":1113}
{"movie_id":624,"genre_id":2744}
{"movie_id":624,"genre_id":10214}
{"movie_id":624,"genre_id":10215}
{"movie_id":624,"genre_id":10282}
{"movie_id":628,"genre_id":18}
{"movie_id":628,"genre_id":36}
{"movie_id":628,"genre_id":50}
{"movie_id":628,"genre_id":104}
{"movie_id":628,"genre_id":163}
{"movie_id":628,"genre_id":818}
{"movie_id":628,"genre_id":939}
{"movie_id":628,"genre_id":1109}
{"movie_id":628,"genre_id":6033}
{"movie_id":628,"genre_id":10220}
{"movie_id":628,"genre_id":10221}
{"movie_id":628,"genre_id":10223}
{"movie_id":628,"genre_id":10224}
{"movie_id":628,"genre_id":10226}
{"movie_id":631,"genre_id":33}
{"movie_id":631,"genre_id":50}
{"movie_id":631,"genre_id":80}
{"movie_id":631,"genre_id":301}
{"movie_id":631,"genre_id":353}
{"movie_id":631,"genre_id":1050}
{"movie_id":631,"genre_id":1116}
{"movie_id":633,"genre_id":32}
{"movie_id":633,"genre_id":53}
{"movie_id":633,"genre_id":69}
{"movie_id":633,"genre_id":6033}
{"movie_id":634,"genre_id":50}
{"movie_id":634,"genre_id":104}
{"movie_id":634,"genre_id":126}
{"movie_id":634,"genre_id":818}
{"movie_id":634,"genre_id":865}
{"movie_id":634,"genre_id":1109}
{"movie_id":634,"genre_id":6033}
{"movie_id":634,"genre_id":10216}
{"movie_id":634,"genre_id":10217}
{"movie_id":634,"genre_id":10219}
{"movie_id":634,"genre_id":10221}
{"movie_id":637,"genre_id":54}
{"movie_id":637,"genre_id":71}
{"movie_id":637,"genre_id":92}
{"movie_id":637,"genre_id":116}
{"movie_id":637,"genre_id":122}
{"movie_id":637,"genre_id":124}
{"movie_id":637,"genre_id":126}
{"movie_id":637,"genre_id":219}
{"movie_id":637,"genre_id":303}
{"movie_id":637,"genre_id":1088}
{"movie_id":637,"genre_id":10216}
{"movie_id":637,"genre_id":10217}
{"movie_id":637,"genre_id":10221}
{"movie_id":637,"genre_id":10224}
{"movie_id":637,"genre_id":10281}
{"movie_id":643,"genre_id":36}
{"movie_id":643,"genre_id":44}
{"movie_id":643,"genre_id":301}
{"movie_id":643,"genre_id":354}
{"movie_id":643,"genre_id":1078}
{"movie_id":643,"genre_id":1087}
{"movie_id":643,"genre_id":1116}
{"movie_id":643,"genre_id":1135}
{"movie_id":643,"genre_id":3148}
{"movie_id":643,"genre_id":3162}
{"movie_id":643,"genre_id":10222}
{"movie_id":643,"genre_id":10223}
{"movie_id":643,"genre_id":10228}
{"movie_id":644,"genre_id":17}
{"movie_id":644,"genre_id":18}
{"movie_id":644,"genre_id":43}
{"movie_id":644,"genre_id":50}
{"movie_id":644,"genre_id":878}
{"movie_id":644,"genre_id":1109}
{"movie_id":644,"genre_id":3138}
{"movie_id":644,"genre_id":6033}
{"movie_id":644,"genre_id":10221}
{"movie_id":644,"genre_id":10223}
{"movie_id":644,"genre_id":10224}
{"movie_id":644,"genre_id":10282}
{"movie_id":645,"genre_id":53}
{"movie_id":645,"genre_id":104}
{"movie_id":645,"genre_id":136}
{"movie_id":645,"genre_id":818}
{"movie_id":645,"genre_id":864}
{"movie_id":645,"genre_id":1109}
{"movie_id":645,"genre_id":1110}
{"movie_id":645,"genre_id":4288}
{"movie_id":645,"genre_id":6033}
{"movie_id":648,"genre_id":13}
{"movie_id":648,"genre_id":33}
{"movie_id":648,"genre_id":353}
{"movie_id":648,"genre_id":1103}
{"movie_id":648,"genre_id":2895}
{"movie_id":650,"genre_id":44}
{"movie_id":650,"genre_id":49}
{"movie_id":650,"genre_id":69}
{"movie_id":650,"genre_id":80}
{"movie_id":650,"genre_id":10214}
{"movie_id":650,"genre_id":10223}
{"movie_id":650,"genre_id":10225}
{"movie_id":650,"genre_id":13547}
{"movie_id":651,"genre_id":32}
{"movie_id":651,"genre_id":49}
{"movie_id":651,"genre_id":116}
{"movie_id":651,"genre_id":6033}
{"movie_id":659,"genre_id":69}
{"movie_id":659,"genre_id":133}
{"movie_id":659,"genre_id":303}
{"movie_id":659,"genre_id":524}
{"movie_id":659,"genre_id":807}
{"movie_id":659,"genre_id":818}
{"movie_id":659,"genre_id":1110}
{"movie_id":659,"genre_id":10221}
{"movie_id":659,"genre_id":10228}
{"movie_id":659,"genre_id":10281}
{"movie_id":661,"genre_id":130}
{"movie_id":661,"genre_id":524}
{"movie_id":661,"genre_id":10224}
{"movie_id":662,"genre_id":18}
{"movie_id":662,"genre_id":51}
{"movie_id":662,"genre_id":52}
{"movie_id":662,"genre_id":301}
{"movie_id":662,"genre_id":303}
{"movie_id":662,"genre_id":353}
{"movie_id":662,"genre_id":684}
{"movie_id":662,"genre_id":863}
{"movie_id":662,"genre_id":1113}
{"movie_id":662,"genre_id":1122}
{"movie_id":662,"genre_id":3165}
{"movie_id":662,"genre_id":6033}
{"movie_id":663,"genre_id":28}
{"movie_id":663,"genre_id":39}
{"movie_id":663,"genre_id":50}
{"movie_id":663,"genre_id":141}
{"movie_id":663,"genre_id":157}
{"movie_id":663,"genre_id":329}
{"movie_id":663,"genre_id":874}
{"movie_id":663,"genre_id":2579}
{"movie_id":663,"genre_id":10225}
{"movie_id":663,"genre_id":10227}
{"movie_id":666,"genre_id":44}
{"movie_id":666,"genre_id":54}
{"movie_id":666,"genre_id":71}
{"movie_id":666,"genre_id":1115}
{"movie_id":666,"genre_id":4220}
{"movie_id":666,"genre_id":10282}
{"movie_id":666,"genre_id":17580}
{"movie_id":670,"genre_id":49}
{"movie_id":670,"genre_id":79}
{"movie_id":670,"genre_id":85}
{"movie_id":670,"genre_id":141}
{"movie_id":670,"genre_id":219}
{"movie_id":670,"genre_id":329}
{"movie_id":670,"genre_id":541}
{"movie_id":670,"genre_id":864}
{"movie_id":670,"genre_id":867}
{"movie_id":670,"genre_id":874}
{"movie_id":670,"genre_id":1112}
{"movie_id":670,"genre_id":1133}
{"movie_id":670,"genre_id":3918}
{"movie_id":670,"genre_id":10067}
{"movie_id":670,"genre_id":10215}
{"movie_id":670,"genre_id":10221}
{"movie_id":670,"genre_id":10222}
{"movie_id":670,"genre_id":10224}
{"movie_id":670,"genre_id":10225}
{"movie_id":670,"genre_id":10227}
{"movie_id":671,"genre_id":12}
{"movie_id":671,"genre_id":14}
{"movie_id":671,"genre_id":17}
{"movie_id":671,"genre_id":50}
{"movie_id":671,"genre_id":104}
{"movie_id":671,"genre_id":152}
{"movie_id":671,"genre_id":818}
{"movie_id":671,"genre_id":1049}
{"movie_id":671,"genre_id":1109}
{"movie_id":671,"genre_id":3160}
{"movie_id":671,"genre_id":10214}
{"movie_id":671,"genre_id":10215}
{"movie_id":671,"genre_id":10216}
{"movie_id":671,"genre_id":10282}
{"movie_id":677,"genre_id":101}
{"movie_id":677,"genre_id":206}
{"movie_id":677,"genre_id":3162}
{"movie_id":677,"genre_id":10223}
{"movie_id":677,"genre_id":10228}
{"movie_id":678,"genre_id":18}
{"movie_id":678,"genre_id":50}
{"movie_id":678,"genre_id":53}
{"movie_id":678,"genre_id":80}
{"movie_id":678,"genre_id":644}
{"movie_id":678,"genre_id":1048}
{"movie_id":678,"genre_id":1109}
{"movie_id":678,"genre_id":1110}
{"movie_id":678,"genre_id":1165}
{"movie_id":678,"genre_id":1167}
{"movie_id":678,"genre_id":3165}
{"movie_id":678,"genre_id":10215}
{"movie_id":678,"genre_id":14726}
{"movie_id":682,"genre_id":12}
{"movie_id":682,"genre_id":50}
{"movie_id":682,"genre_id":53}
{"movie_id":682,"genre_id":104}
{"movie_id":682,"genre_id":136}
{"movie_id":682,"genre_id":818}
{"movie_id":682,"genre_id":864}
{"movie_id":682,"genre_id":865}
{"movie_id":682,"genre_id":1108}
{"movie_id":682,"genre_id":1109}
{"movie_id":682,"genre_id":4288}
{"movie_id":682,"genre_id":10214}
{"movie_id":682,"genre_id":10215}
{"movie_id":682,"genre_id":10220}
{"movie_id":685,"genre_id":101}
{"movie_id":685,"genre_id":206}
{"movie_id":685,"genre_id":3162}
{"movie_id":685,"genre_id":3165}
{"movie_id":689,"genre_id":92}
{"movie_id":689,"genre_id":133}
{"movie_id":689,"genre_id":303}
{"movie_id":689,"genre_id":353}
{"movie_id":689,"genre_id":3148}
{"movie_id":690,"genre_id":18}
{"movie_id":690,"genre_id":2738}
