{"movie_id":1,"name":"Cowboy Bebop"}
{"movie_id":3,"name":"Shadows in Paradise"}
{"movie_id":4,"name":"State of Siege"}
{"movie_id":4,"name":"Estado De Sitio"}
{"movie_id":5,"name":"Four Rooms and a Hotel (Working Title)"}
{"movie_id":5,"name":"Four Rooms and a Hotel"}
{"movie_id":10,"name":"Star Wars"}
{"movie_id":11,"name":"Star Wars"}
{"movie_id":11,"name":"Star Wars: A New Hope"}
{"movie_id":18,"name":"Le Cinquième élément"}
{"movie_id":18,"name":"The 5th Element"}
{"movie_id":20,"name":"My Life Without Me"}
{"movie_id":22,"name":"Pirates of the Caribbean: The Curse of the Black Pearl"}
{"movie_id":24,"name":"Kill Bill - Volume 1"}
{"movie_id":26,"name":"Walk On Water"}
{"movie_id":27,"name":"Nine Songs"}
{"movie_id":28,"name":"Apocalypse Now - Final Cut"}
{"movie_id":28,"name":"Apocalypse Now: The Final Cut"}
{"movie_id":30,"name":"Magnetic Rose"}
{"movie_id":31,"name":"Stink Bomb"}
{"movie_id":36,"name":"Simpsons"}
{"movie_id":55,"name":"Love's a Bitch"}
{"movie_id":60,"name":"The Simpsons Christmas Special"}
{"movie_id":62,"name":"Two Thousand and One: A Space Odyssey"}
{"movie_id":63,"name":"12 Monkeys"}
{"movie_id":64,"name":"Talk to Her"}
{"movie_id":67,"name":"Paradise Now"}
{"movie_id":78,"name":"Blade Runner - Final Cut"}
{"movie_id":78,"name":"Blade Runner: The Final Cut"}
{"movie_id":79,"name":"Ying xiong"}
{"movie_id":79,"name":"Hero"}
{"movie_id":81,"name":"Nausicaa of the Valley of the Wind"}
{"movie_id":81,"name":"Nausicaä of the Valley of the Wind"}
{"movie_id":85,"name":"Indiana Jones and the Raiders of the Lost Ark"}
{"movie_id":86,"name":"Atomised"}
{"movie_id":86,"name":"The Elementary Particles"}
{"movie_id":91,"name":"Land Without Bread"}
{"movie_id":91,"name":"Unpromised Land"}
{"movie_id":99,"name":"All About My Mother"}
{"movie_id":100,"name":"\"Lock"}
{"movie_id":101,"name":"The Professional"}
{"movie_id":102,"name":"Open Hearts"}
{"movie_id":104,"name":"Run Lola Run"}
{"movie_id":106,"name":"Primevil"}
{"movie_id":106,"name":"Alien Hunter"}
{"movie_id":106,"name":"Hunter"}
{"movie_id":108,"name":"Three Colors: Blue"}
{"movie_id":108,"name":"Three Colours: Blue"}
{"movie_id":109,"name":"Three Colors: White"}
{"movie_id":109,"name":"Three Colours: White"}
{"movie_id":110,"name":"Three Colors: Red"}
{"movie_id":110,"name":"Three Colours: Red"}
{"movie_id":112,"name":"Italian for Beginners"}
{"movie_id":113,"name":"\"Spring"}
{"movie_id":113,"name":"\"Spring"}
{"movie_id":124,"name":"No End"}
{"movie_id":125,"name":"Railway Station"}
{"movie_id":126,"name":"Short Working Day"}
{"movie_id":127,"name":"Blind Chance"}
{"movie_id":128,"name":"Princess Mononoke"}
{"movie_id":129,"name":"Spirited Away"}
{"movie_id":129,"name":"Sen To Chihiro No Kamikakushi"}
{"movie_id":130,"name":"Tales from Earthsea"}
{"movie_id":135,"name":"Don't Look Back"}
{"movie_id":135,"name":"Bob Dylan: Don't Look Back"}
{"movie_id":136,"name":"The Monstershow"}
{"movie_id":136,"name":"Nature's Mistakes"}
{"movie_id":139,"name":"Mifune's Last Song"}
{"movie_id":140,"name":"Bad Education"}
{"movie_id":144,"name":"Wings of Desire"}
{"movie_id":144,"name":"Sky Over Berlin"}
{"movie_id":144,"name":"Heaven Over Berlin"}
{"movie_id":146,"name":"\"Crouching Tiger"}
{"movie_id":146,"name":"Wo hu cang long"}
{"movie_id":147,"name":"The 400 Blows"}
{"movie_id":148,"name":"The Secret Life of Words"}
{"movie_id":149,"name":"Akira"}
{"movie_id":152,"name":"Star Trek: The Motion Picture"}
{"movie_id":154,"name":"Star Trek: The Wrath of Khan"}
{"movie_id":155,"name":"Batman Begins 2"}
{"movie_id":156,"name":"Wilbur wants to kill himself"}
{"movie_id":156,"name":"Wilbur Wants to Kill Himself"}
{"movie_id":157,"name":"Star Trek III: The Search for Spock"}
{"movie_id":159,"name":"Maybe... Maybe Not"}
{"movie_id":160,"name":"The Arrival of a Train at la Ciotat Station"}
{"movie_id":163,"name":"Ocean's 12"}
{"movie_id":165,"name":"Back to the Future 2"}
{"movie_id":166,"name":"The Party"}
{"movie_id":168,"name":"Star Trek IV: The Voyage Home"}
{"movie_id":172,"name":"Star Trek V: The Final Frontier"}
{"movie_id":173,"name":"\"Jules Verne's 20"}
{"movie_id":173,"name":"Twenty Thousand Leagues under the Sea"}
{"movie_id":174,"name":"Star Trek VI: The Undiscovered Country"}
{"movie_id":175,"name":"The Big Blue"}
{"movie_id":186,"name":"Lucky Number S7evin"}
{"movie_id":186,"name":"Lucky # Slevin"}
{"movie_id":187,"name":"Frank Miller's Sin City"}
{"movie_id":189,"name":"Sin City: A Dame to Kill For"}
{"movie_id":191,"name":"The State I Am In"}
{"movie_id":192,"name":"The Name Of The Rose"}
{"movie_id":193,"name":"Star Trek: Generations"}
{"movie_id":194,"name":"The Fabulous Destiny of Amelie Poulain"}
{"movie_id":194,"name":"Amélie"}
{"movie_id":194,"name":"Amélie from Montmatre"}
{"movie_id":199,"name":"Star Trek: First Contact"}
{"movie_id":200,"name":"Star Trek: Insurrection"}
{"movie_id":201,"name":"Star Trek: Nemesis"}
{"movie_id":202,"name":"Star Trek - The Original Series"}
{"movie_id":204,"name":"The Wages of Fear"}
{"movie_id":205,"name":"Ashley Palacios"}
{"movie_id":210,"name":"Encounter at Farpoint - Part 1"}
{"movie_id":214,"name":"Saw III"}
{"movie_id":215,"name":"Saw II"}
{"movie_id":216,"name":"Ali: Fear Eats the Soul"}
{"movie_id":216,"name":"Fear Eats the Soul"}
{"movie_id":217,"name":"Indiana Jones 4"}
{"movie_id":221,"name":"Rebel without a Cause"}
{"movie_id":222,"name":"Berlin: Symphony of a Metropolis"}
{"movie_id":224,"name":"Man of Marble"}
{"movie_id":225,"name":"Man of Iron"}
{"movie_id":228,"name":"The Blue Angel"}
{"movie_id":234,"name":"The Cabinet of Dr. Caligari"}
{"movie_id":234,"name":"Le Cabinet du docteur Caligari"}
{"movie_id":238,"name":"Der Pate"}
{"movie_id":240,"name":"The Godfather II"}
{"movie_id":242,"name":"The Godfather III"}
{"movie_id":242,"name":"The Godfather Coda: The Death of Michael Corleone"}
{"movie_id":246,"name":"Der blinde Samurai"}
{"movie_id":246,"name":"Zatoichi"}
{"movie_id":250,"name":"In China They Eat Dogs"}
{"movie_id":252,"name":"Willy Wonka & the Chocolate Factory"}
{"movie_id":255,"name":"Stolen Kisses"}
{"movie_id":256,"name":"Antoine and Colette"}
{"movie_id":258,"name":"Bed and Board"}
{"movie_id":259,"name":"Love on the Run"}
{"movie_id":266,"name":"Contempt"}
{"movie_id":267,"name":"Live Flesh"}
{"movie_id":269,"name":"Breathless"}
{"movie_id":270,"name":"Family Rules"}
{"movie_id":271,"name":"\"Ronia"}
{"movie_id":273,"name":"The White Sound"}
{"movie_id":276,"name":"The Edukators"}
{"movie_id":279,"name":"Amadeus - Director's Cut"}
{"movie_id":280,"name":"Terminator 2: Judgement Day"}
{"movie_id":283,"name":"DS9"}
{"movie_id":286,"name":"Deutschland. Ein Sommermärchen"}
{"movie_id":292,"name":"Block Party"}
{"movie_id":298,"name":"Ocean's Thirteen"}
{"movie_id":299,"name":"Ocean's 11"}
{"movie_id":300,"name":"The Science of Sleep"}
{"movie_id":302,"name":"Swimming Pool"}
{"movie_id":307,"name":"\"Rome"}
{"movie_id":307,"name":"Open City"}
{"movie_id":309,"name":"The Celebration"}
{"movie_id":312,"name":"Beyond Silence"}
{"movie_id":315,"name":"\"Faster"}
{"movie_id":316,"name":"Grill Point"}
{"movie_id":317,"name":"Esma's Secret: Grbavica"}
{"movie_id":335,"name":"Once Upon A Time In The West"}
{"movie_id":336,"name":"\"Duck"}
{"movie_id":336,"name":"A Fistful of Dynamite"}
{"movie_id":337,"name":"Monsieur Ibrahim"}
{"movie_id":338,"name":"Good Bye Lenin!"}
{"movie_id":339,"name":"lanewyorkparisromehelsinki"}
{"movie_id":341,"name":"A Crime"}
{"movie_id":341,"name":"Un Crime"}
{"movie_id":342,"name":"Summer Storm"}
{"movie_id":346,"name":"Seven Samurai"}
{"movie_id":346,"name":"Shichinin no samurai"}
{"movie_id":347,"name":"People on Sunday"}
{"movie_id":348,"name":"Alien: The Director's Cut"}
{"movie_id":348,"name":"Alien: Directors Cut"}
{"movie_id":351,"name":"Longing"}
{"movie_id":363,"name":"Head-On"}
{"movie_id":364,"name":"Batman 2"}
{"movie_id":377,"name":"Nightmare on Elm Street"}
{"movie_id":383,"name":"Bad Night"}
{"movie_id":387,"name":"Das Boot"}
{"movie_id":389,"name":"Twelve Angry Men"}
{"movie_id":390,"name":"Libonne Story"}
{"movie_id":391,"name":"A Fistful of Dollars"}
{"movie_id":393,"name":"Kill Bill Volume 2"}
{"movie_id":407,"name":"Short Sharp Shock"}
{"movie_id":408,"name":"David Liébana"}
{"movie_id":410,"name":"Summer in Berlin"}
{"movie_id":415,"name":"Batman and Robin"}
{"movie_id":419,"name":"About the Looking for and the Finding of Love"}
{"movie_id":422,"name":"Eight and a Half"}
{"movie_id":422,"name":"8 1⁄2"}
{"movie_id":427,"name":"My Uncle"}
{"movie_id":428,"name":"Summer '04"}
{"movie_id":429,"name":"\"The Good"}
{"movie_id":429,"name":"\"The Good"}
{"movie_id":434,"name":"Tough Enough"}
{"movie_id":436,"name":"Maria Full of Grace"}
{"movie_id":442,"name":"Popular Music From Vittula"}
{"movie_id":445,"name":"Hidden"}
{"movie_id":446,"name":"Distant Lights"}
{"movie_id":452,"name":"The Idiots"}
{"movie_id":454,"name":"William Shakespeare's Romeo + Juliet"}
{"movie_id":454,"name":"William Shakespeare's Romeo & Juliet"}
{"movie_id":455,"name":"Bend It Like Beckham"}
{"movie_id":458,"name":"Sissi – The Young Empress"}
{"movie_id":459,"name":"Sissi – Fateful Years of an Empress"}
{"movie_id":460,"name":"Go for Zucker"}
{"movie_id":464,"name":"As It Is in Heaven"}
{"movie_id":471,"name":"Bastard"}
{"movie_id":472,"name":"Northwest Passage"}
{"movie_id":472,"name":1}
{"movie_id":473,"name":"Pi"}
{"movie_id":474,"name":"Traces to Nowhere"}
{"movie_id":477,"name":2}
{"movie_id":477,"name":"\"Zen"}
{"movie_id":478,"name":"Rest in Pain"}
{"movie_id":481,"name":"7 (seven) Virgins"}
{"movie_id":484,"name":"The One-Armed Man"}
{"movie_id":485,"name":"Cooper's Dreams"}
{"movie_id":486,"name":"Realization Time"}
{"movie_id":487,"name":"The Last Evening"}
{"movie_id":489,"name":"mente indomable"}
{"movie_id":490,"name":"The Seventh Seal"}
{"movie_id":491,"name":"Ghetto-Kids"}
{"movie_id":496,"name":"Borat"}
{"movie_id":497,"name":"Green Mile"}
{"movie_id":498,"name":"Heart Of Gold Trilogy"}
{"movie_id":499,"name":"Cleo From 5 to 7"}
{"movie_id":511,"name":"Promised Land"}
{"movie_id":514,"name":"May the Giant Be with You"}
{"movie_id":515,"name":"Coma"}
{"movie_id":516,"name":"The Man Behind Glass"}
{"movie_id":530,"name":"A Grand Day Out with Wallace and Gromit"}
{"movie_id":531,"name":"The Wrong Trousers"}
{"movie_id":531,"name":"Wallace & Gromit: The Wrong Trousers"}
{"movie_id":532,"name":"Wallace & Gromit: A Close Shave"}
{"movie_id":532,"name":"A Close Shave"}
{"movie_id":533,"name":"Wallace & Gromit in The Curse of the Were-Rabbit"}
{"movie_id":533,"name":"The Curse of the Were-Rabbit"}
{"movie_id":537,"name":"I'm Not Here to be Loved"}
{"movie_id":540,"name":"Fox Force Five"}
{"movie_id":542,"name":"The Crime of Father Amaro"}
{"movie_id":548,"name":"Rashomon"}
{"movie_id":552,"name":"Bread and Tulips"}
{"movie_id":554,"name":"The Cuckoo"}
{"movie_id":557,"name":"Spiderman"}
{"movie_id":570,"name":"Fat Girl"}
{"movie_id":572,"name":"Next Door"}
{"movie_id":575,"name":"The Experiment"}
{"movie_id":579,"name":"Jaws II"}
{"movie_id":580,"name":"Jaws - The Revenge"}
{"movie_id":582,"name":"The Lives of Others"}
{"movie_id":583,"name":"Life of Brian"}
{"movie_id":584,"name":"Most Fast Most Furious"}
{"movie_id":593,"name":"Solaris"}
{"movie_id":593,"name":"Solyaris"}
{"movie_id":595,"name":"To Kill a Mockingbird"}
{"movie_id":596,"name":"Grapes of Wrath"}
{"movie_id":598,"name":"City of God"}
{"movie_id":599,"name":"Sunset Boulevard"}
{"movie_id":599,"name":"Sunset Blvd."}
{"movie_id":601,"name":"E.T."}
{"movie_id":602,"name":"Independence Day - Extended Cut"}
{"movie_id":613,"name":"The Downfall"}
{"movie_id":613,"name":"Downfall"}
{"movie_id":614,"name":"Wild Strawberries"}
{"movie_id":615,"name":"The Passion of Christ"}
{"movie_id":618,"name":"\"The Clansman"}
{"movie_id":620,"name":"Ghost Busters"}
{"movie_id":624,"name":"Easy Rider - Buscando Mi Destino"}
{"movie_id":628,"name":"Interview with a Vampire: The Vampire Chronicles"}
{"movie_id":628,"name":"Interview with the Vampire"}
{"movie_id":631,"name":"Sunrise - A Song of Two Humans"}
{"movie_id":631,"name":"Sunrise"}
{"movie_id":633,"name":"Soldier of Orange"}
{"movie_id":634,"name":"Bridget Jones' Diary"}
{"movie_id":637,"name":"Life Is Beautiful"}
{"movie_id":643,"name":"The Battleship Potemkin"}
{"movie_id":643,"name":"Battleship Potemkin"}
{"movie_id":644,"name":"A.I. Artificial Intelligence"}
{"movie_id":645,"name":"James Bond film series"}
{"movie_id":648,"name":"Beauty and the Biest"}
{"movie_id":648,"name":"Beauty and the Beast"}
{"movie_id":650,"name":"Boyz N the Hood"}
{"movie_id":650,"name":"Boyz'n The Hood"}
{"movie_id":650,"name":"Boys in the Hood"}
{"movie_id":651,"name":"Mash"}
{"movie_id":651,"name":"M*A*S*H"}
{"movie_id":659,"name":"The Tin Drum"}
{"movie_id":661,"name":"The Marriage of Maria Braun"}
{"movie_id":662,"name":"The Pier"}
{"movie_id":663,"name":"Saw IV"}
{"movie_id":666,"name":"Central Station"}
{"movie_id":670,"name":"Oldboy"}
{"movie_id":671,"name":"Harry Potter and the Sorcerer's Stone"}
{"movie_id":671,"name":"Harry Potter and the Philosopher's Stone"}
{"movie_id":677,"name":"Olympia Part One: Festival of the Nations"}
{"movie_id":678,"name":"Build My Gallows High"}
{"movie_id":682,"name":"Man With The Golden Gun"}
{"movie_id":685,"name":"Olympia Part Two: Festival of Beauty"}
{"movie_id":689,"name":"The Travelling Players"}
{"movie_id":690,"name":"Pick Pocket"}
