{"user_id":91}
{"user_id":167}
{"user_id":184}
{"user_id":187}
{"user_id":219}
{"user_id":232}
{"user_id":260}
{"user_id":298}
{"user_id":320}
{"user_id":371}
{"user_id":387}
{"user_id":414}
{"user_id":428}
{"user_id":438}
{"user_id":477}
{"user_id":483}
{"user_id":522}
{"user_id":580}
{"user_id":599}
{"user_id":610}
{"user_id":1}
{"user_id":4}
{"user_id":7}
{"user_id":11}
{"user_id":15}
{"user_id":16}
{"user_id":17}
{"user_id":18}
{"user_id":19}
{"user_id":21}
{"user_id":25}
{"user_id":27}
{"user_id":28}
{"user_id":30}
{"user_id":31}
{"user_id":32}
{"user_id":33}
{"user_id":34}
{"user_id":39}
{"user_id":42}
{"user_id":44}
{"user_id":45}
{"user_id":51}
{"user_id":52}
{"user_id":57}
{"user_id":59}
{"user_id":62}
{"user_id":63}
{"user_id":64}
{"user_id":66}
{"user_id":68}
{"user_id":69}
{"user_id":70}
{"user_id":71}
{"user_id":72}
{"user_id":73}
{"user_id":75}
{"user_id":76}
{"user_id":77}
{"user_id":78}
{"user_id":79}
{"user_id":82}
{"user_id":84}
{"user_id":86}
{"user_id":90}
{"user_id":93}
{"user_id":95}
{"user_id":96}
{"user_id":97}
{"user_id":101}
{"user_id":103}
{"user_id":104}
{"user_id":105}
{"user_id":112}
{"user_id":113}
{"user_id":114}
{"user_id":115}
{"user_id":118}
{"user_id":120}
{"user_id":122}
{"user_id":123}
{"user_id":124}
{"user_id":125}
{"user_id":128}
{"user_id":129}
{"user_id":131}
{"user_id":132}
{"user_id":135}
{"user_id":137}
{"user_id":139}
{"user_id":140}
{"user_id":141}
{"user_id":149}
{"user_id":152}
{"user_id":153}
{"user_id":155}
{"user_id":156}
{"user_id":160}
{"user_id":164}
{"user_id":165}
{"user_id":166}
{"user_id":169}
{"user_id":171}
{"user_id":172}
{"user_id":177}
{"user_id":180}
{"user_id":182}
{"user_id":183}
{"user_id":186}
{"user_id":193}
{"user_id":195}
{"user_id":197}
{"user_id":198}
{"user_id":199}
{"user_id":200}
{"user_id":201}
{"user_id":202}
{"user_id":205}
{"user_id":208}
{"user_id":209}
{"user_id":210}
{"user_id":211}
{"user_id":212}
{"user_id":215}
{"user_id":217}
{"user_id":220}
{"user_id":223}
{"user_id":224}
{"user_id":225}
{"user_id":226}
{"user_id":227}
{"user_id":228}
{"user_id":231}
{"user_id":234}
{"user_id":237}
{"user_id":239}
{"user_id":244}
{"user_id":246}
{"user_id":247}
{"user_id":248}
{"user_id":249}
{"user_id":254}
{"user_id":255}
{"user_id":256}
{"user_id":261}
{"user_id":262}
{"user_id":263}
{"user_id":264}
{"user_id":265}
{"user_id":266}
{"user_id":267}
{"user_id":268}
{"user_id":274}
{"user_id":275}
{"user_id":276}
{"user_id":277}
{"user_id":279}
{"user_id":282}
{"user_id":283}
{"user_id":288}
{"user_id":290}
{"user_id":292}
{"user_id":294}
{"user_id":296}
{"user_id":299}
{"user_id":302}
{"user_id":303}
{"user_id":304}
{"user_id":305}
{"user_id":307}
{"user_id":308}
{"user_id":312}
{"user_id":313}
{"user_id":314}
{"user_id":317}
{"user_id":318}
{"user_id":323}
{"user_id":325}
{"user_id":328}
{"user_id":330}
{"user_id":332}
{"user_id":334}
{"user_id":335}
{"user_id":337}
{"user_id":343}
{"user_id":344}
{"user_id":348}
{"user_id":350}
{"user_id":352}
{"user_id":354}
{"user_id":355}
{"user_id":357}
{"user_id":361}
{"user_id":362}
{"user_id":363}
{"user_id":364}
{"user_id":365}
{"user_id":367}
{"user_id":368}
{"user_id":369}
{"user_id":370}
{"user_id":372}
{"user_id":375}
{"user_id":376}
{"user_id":380}
{"user_id":381}
{"user_id":382}
{"user_id":383}
{"user_id":385}
{"user_id":389}
{"user_id":391}
{"user_id":392}
{"user_id":399}
{"user_id":400}
{"user_id":407}
{"user_id":408}
{"user_id":409}
{"user_id":410}
{"user_id":412}
{"user_id":415}
{"user_id":416}
{"user_id":422}
{"user_id":425}
{"user_id":430}
{"user_id":432}
{"user_id":434}
{"user_id":437}
{"user_id":441}
{"user_id":443}
{"user_id":445}
{"user_id":448}
{"user_id":450}
{"user_id":452}
{"user_id":453}
{"user_id":456}
{"user_id":457}
{"user_id":459}
{"user_id":461}
{"user_id":462}
{"user_id":464}
{"user_id":465}
{"user_id":466}
{"user_id":469}
{"user_id":474}
{"user_id":475}
{"user_id":479}
{"user_id":480}
{"user_id":487}
{"user_id":489}
{"user_id":492}
{"user_id":493}
{"user_id":494}
{"user_id":497}
{"user_id":500}
{"user_id":509}
{"user_id":510}
{"user_id":511}
{"user_id":513}
{"user_id":514}
{"user_id":515}
{"user_id":516}
{"user_id":517}
{"user_id":520}
{"user_id":524}
{"user_id":525}
{"user_id":527}
{"user_id":529}
{"user_id":531}
{"user_id":534}
{"user_id":540}
{"user_id":548}
{"user_id":549}
{"user_id":551}
{"user_id":552}
{"user_id":554}
{"user_id":555}
{"user_id":557}
{"user_id":559}
{"user_id":560}
{"user_id":561}
{"user_id":562}
{"user_id":567}
{"user_id":570}
{"user_id":571}
{"user_id":572}
{"user_id":573}
{"user_id":577}
{"user_id":582}
{"user_id":586}
{"user_id":590}
{"user_id":591}
{"user_id":593}
{"user_id":594}
{"user_id":595}
{"user_id":596}
{"user_id":597}
{"user_id":600}
{"user_id":602}
{"user_id":603}
{"user_id":605}
{"user_id":606}
{"user_id":607}
{"user_id":608}
{"user_id":9}
{"user_id":20}
{"user_id":108}
{"user_id":190}
{"user_id":287}
{"user_id":427}
{"user_id":463}
{"user_id":482}
{"user_id":24}
{"user_id":148}
{"user_id":252}
{"user_id":258}
{"user_id":319}
{"user_id":495}
{"user_id":98}
{"user_id":478}
{"user_id":22}
{"user_id":41}
{"user_id":50}
{"user_id":67}
{"user_id":80}
{"user_id":83}
{"user_id":106}
{"user_id":111}
{"user_id":116}
{"user_id":119}
{"user_id":143}
{"user_id":144}
{"user_id":178}
{"user_id":213}
{"user_id":221}
{"user_id":222}
{"user_id":230}
{"user_id":233}
{"user_id":280}
{"user_id":286}
{"user_id":301}
{"user_id":331}
{"user_id":339}
{"user_id":351}
{"user_id":356}
{"user_id":366}
{"user_id":378}
{"user_id":393}
{"user_id":401}
{"user_id":420}
{"user_id":435}
{"user_id":460}
{"user_id":471}
{"user_id":488}
{"user_id":490}
{"user_id":491}
{"user_id":523}
{"user_id":537}
{"user_id":539}
{"user_id":542}
{"user_id":556}
{"user_id":204}
{"user_id":278}
{"user_id":426}
{"user_id":506}
{"user_id":241}
{"user_id":346}
{"user_id":23}
{"user_id":253}
{"user_id":398}
{"user_id":74}
{"user_id":55}
{"user_id":88}
{"user_id":236}
{"user_id":322}
{"user_id":419}
{"user_id":553}
{"user_id":575}
{"user_id":585}
{"user_id":110}
{"user_id":185}
{"user_id":218}
{"user_id":326}
{"user_id":449}
{"user_id":454}
{"user_id":526}
{"user_id":535}
{"user_id":40}
{"user_id":191}
{"user_id":390}
{"user_id":440}
{"user_id":508}
{"user_id":601}
{"user_id":87}
{"user_id":306}
{"user_id":538}
{"user_id":563}
{"user_id":547}
{"user_id":13}
{"user_id":138}
{"user_id":216}
{"user_id":257}
{"user_id":259}
{"user_id":309}
{"user_id":310}
{"user_id":311}
{"user_id":384}
{"user_id":377}
{"user_id":3}
{"user_id":271}
{"user_id":424}
{"user_id":518}
{"user_id":587}
{"user_id":168}
{"user_id":295}
{"user_id":36}
{"user_id":147}
{"user_id":431}
{"user_id":576}
{"user_id":6}
{"user_id":37}
{"user_id":38}
{"user_id":43}
{"user_id":54}
{"user_id":56}
{"user_id":81}
{"user_id":94}
{"user_id":102}
{"user_id":107}
{"user_id":109}
{"user_id":117}
{"user_id":126}
{"user_id":130}
{"user_id":136}
{"user_id":145}
{"user_id":173}
{"user_id":174}
{"user_id":176}
{"user_id":179}
{"user_id":229}
{"user_id":235}
{"user_id":240}
{"user_id":242}
{"user_id":273}
{"user_id":284}
{"user_id":340}
{"user_id":374}
{"user_id":386}
{"user_id":395}
{"user_id":402}
{"user_id":411}
{"user_id":429}
{"user_id":446}
{"user_id":447}
{"user_id":455}
{"user_id":458}
{"user_id":470}
{"user_id":476}
{"user_id":485}
{"user_id":486}
{"user_id":530}
{"user_id":536}
{"user_id":541}
{"user_id":566}
{"user_id":569}
{"user_id":574}
{"user_id":584}
{"user_id":592}
{"user_id":604}
{"user_id":609}
{"user_id":48}
{"user_id":150}
{"user_id":206}
{"user_id":214}
{"user_id":270}
{"user_id":451}
{"user_id":544}
{"user_id":467}
{"user_id":484}
{"user_id":58}
{"user_id":151}
{"user_id":181}
{"user_id":269}
{"user_id":316}
{"user_id":359}
{"user_id":521}
{"user_id":558}
{"user_id":405}
{"user_id":505}
{"user_id":546}
{"user_id":207}
{"user_id":543}
{"user_id":397}
{"user_id":47}
{"user_id":159}
{"user_id":100}
{"user_id":89}
{"user_id":341}
{"user_id":388}
{"user_id":14}
{"user_id":134}
{"user_id":162}
{"user_id":336}
{"user_id":349}
{"user_id":353}
{"user_id":373}
{"user_id":404}
{"user_id":444}
{"user_id":512}
{"user_id":565}
{"user_id":589}
{"user_id":238}
{"user_id":5}
{"user_id":29}
{"user_id":161}
{"user_id":196}
{"user_id":285}
{"user_id":300}
{"user_id":436}
{"user_id":502}
{"user_id":579}
{"user_id":581}
{"user_id":583}
{"user_id":564}
{"user_id":578}
{"user_id":53}
{"user_id":568}
{"user_id":473}
{"user_id":65}
{"user_id":272}
{"user_id":413}
{"user_id":418}
{"user_id":503}
{"user_id":528}
{"user_id":532}
{"user_id":245}
{"user_id":327}
{"user_id":396}
{"user_id":85}
{"user_id":315}
{"user_id":421}
{"user_id":60}
{"user_id":417}
{"user_id":433}
{"user_id":49}
{"user_id":154}
{"user_id":293}
{"user_id":8}
{"user_id":46}
{"user_id":99}
{"user_id":121}
{"user_id":133}
{"user_id":321}
{"user_id":347}
{"user_id":379}
{"user_id":468}
{"user_id":507}
{"user_id":588}
{"user_id":35}
{"user_id":142}
{"user_id":170}
{"user_id":243}
{"user_id":394}
{"user_id":61}
{"user_id":127}
{"user_id":188}
{"user_id":194}
{"user_id":504}
{"user_id":203}
{"user_id":291}
