16767,Aki Kaurismäki,1957-04-04
27436,Constantin Costa-Gavras,1933-02-12
3110,Allison Anders,1954-11-16
3111,Alexandre Rockwell,1956-08-18
2294,Robert Rodriguez,1968-06-20
138,Quentin Tarantino,1963-03-27
1,George Lucas,1944-05-14
59,Luc Besson,1959-03-18
90,Isabel Coixet,1960-04-09
1704,Gore Verbinski,1964-03-16
160,Eytan Fox,
172,Michael Winterbottom,1961-03-29
1776,Francis Ford Coppola,1939-04-07
183,Koji Morimoto,
187,Tensai Okamura,
223,Alejandro González Iñárritu,1963-08-15
197,David Silverman,1957-03-15
240,Stanley Kubrick,1928-07-26
280,Terry Gilliam,1940-11-22
309,Pedro Almodóvar,1949-09-25
357,Hany Abu-Assad,1961-10-11
578,Ridley Scott,1937-11-30
607,Zhang Yimou,1951-11-14
608,Hayao Miyazaki,1941-01-05
488,Steven Spielberg,1946-12-18
672,Oskar Roehler,1959-01-21
793,Luis Buñuel,1900-02-22
956,Guy Ritchie,1968-09-10
1011,Susanne Bier,1960-04-15
1071,Tom Tykwer,1965-05-23
1090,John McTiernan,1951-01-08
1126,Krzysztof Kieślowski,1941-06-27
1176,Lone Scherfig,1959-05-02
1188,Kim Ki-Duk,1960-12-20
1396,Hanna Krall,
1414,Gorō Miyazaki,
1486,Donn Alan Pennebaker,1925-07-15
1496,Tod Browning,1882-07-12
1558,Søren Kragh-Jacobsen,1947-03-02
2303,Wim Wenders,1945-08-14
1614,Ang Lee,1954-10-23
1650,François Truffaut,1932-02-06
185,Katsuhiro Ôtomo,1954-04-14
1744,Robert Wise,1914-09-10
1788,Nicholas Meyer,1945-12-24
525,Christopher Nolan,1970-07-30
1749,Leonard Nimoy,1932-03-26
1869,Sönke Wortmann,1959-08-27
1867,Auguste Lumière,1862-10-19
1868,Louis  Lumière,1864-10-05
1884,Steven Soderbergh,1963-01-14
24,Robert Zemeckis,1952-05-14
1961,Claude Pinoteau,1925-05-25
1748,William Shatner,1931-03-22
2087,Richard Fleischer,1916-12-08
2291,Paul McGuigan,1963-09-19
2293,Frank Miller,1957-01-27
2332,Christian Petzold,1960-09-14
2352,Jean-Jacques Annaud,1943-10-01
2380,David Carson,1948-01-01
2419,Jean-Pierre Jeunet,1953-09-03
2388,Jonathan Frakes,1952-08-19
2523,Stuart Baird,1947-11-30
2559,Henri-Georges Clouzot,1907-11-07
2589,Terry George,1952-12-20
2775,Corey Allen,1934-06-29
2675,Darren Lynn Bousman,1979-01-11
2725,Rainer Werner Fassbinder,1945-05-31
2765,Nicholas Ray,1911-08-07
2798,Walther Ruttmann,1887-12-28
2801,Andrzej Wajda,1926-03-06
2891,Josef von Sternberg,1894-05-29
2991,Robert Wiene,1873-04-27
3317,Takeshi Kitano,1947-01-18
3395,Lasse Spang Olsen,1965-04-23
3451,Mel Stuart,1928-09-02
3776,Jean-Luc Godard,1930-12-03
867,Marc Meyer,1968-06-10
3849,Tage Danielsson,1928-02-05
3722,Hans Weingartner,1970-11-02
3974,Miloš Forman,1932-02-18
2710,James Cameron,1954-08-16
201,Michel Gondry,1963-05-08
2000,Lewis Milestone,1895-09-30
72430,François Ozon,1967-11-15
4410,Roberto Rossellini,1906-05-08
4453,Thomas Vinterberg,1969-05-19
4522,Caroline Link,1964-06-02
4590,Russ Meyer,1922-03-21
4617,Andreas Dresen,1963-08-16
4634,Jasmila Zbanic,1974-12-19
4385,Sergio Leone,1929-01-03
5005,François Dupeyron,1950-08-14
4780,Wolfgang Becker,1954-06-22
4429,Jim Jarmusch,1953-01-22
4883,Manuel Pradal,1964-03-22
5192,Marco Kreuzpaintner,1977-03-11
5026,Akira Kurosawa,1910-03-23
5028,Curt Siodmak,1902-08-10
5029,Robert Siodmak,1900-08-08
4065,Fred Zinnemann,1907-04-29
5030,Edgar G. Ulmer,1904-09-17
5091,Valeska Grisebach,1968-01-04
5125,Fatih Akin,1973-08-25
510,Tim Burton,1958-08-25
5140,Wes Craven,1939-08-02
5216,Gus Van Sant,1952-07-24
5231,Wolfgang Petersen,1941-03-14
39996,Sidney Lumet,1924-06-25
5446,David Hand,1900-01-23
5572,Joel Schumacher,1939-08-23
5636,Helmut Dietl,1944-06-22
4415,Federico Fellini,1920-01-20
5763,Jacques Tati,1907-10-09
5742,Stefan Krohmer,1971-01-01
5844,Detlev Buck,1962-12-01
5872,Joshua Marston,1968-08-13
5974,Reza Bagher,
6011,Michael Haneke,1942-03-23
6094,Hans-Christian Schmid,1965-08-19
42,Lars von Trier,1956-04-30
6201,Baz Luhrmann,1962-09-17
6220,Gurinder Chadha,1960-01-10
6241,Ernst Marischka,1893-01-02
6273,Dani Levy,1957-11-17
6284,Kay Pollak,1938-05-21
6414,Maciej Dejczer,
5602,David Lynch,1946-01-20
6431,Darren Aronofsky,1969-02-12
15858,Tim Hunter,1947-06-15
6521,Alberto Rodríguez,1971-05-11
15798,Lesli Linka Glatter,1953-07-26
8750,Caleb Deschanel,1944-09-21
15794,Mark Frost,1953-11-25
6648,Ingmar Bergman,1918-07-14
243290,Christian Wagner,1959-09-26
6767,Larry Charles,1956-12-01
4027,Frank Darabont,1959-01-28
6817,Agnès Varda,1928-05-30
7314,Nick Park,1958-12-06
7313,Steve Box,1967-01-23
7288,Stéphane Brizé,1966-10-18
7312,Angela Robinson,1971-02-14
7348,Carlos Carrera,1962-08-18
7554,Silvio Soldini,1958-08-01
7588,Aleksandr Rogozhkin,1949-10-03
7623,Sam Raimi,1959-10-23
6295,Catherine Breillat,1948-07-13
7736,Pål Sletaune,
7832,Oliver Hirschbiegel,1957-12-29
16187,Jeannot Szwarc,1939-11-21
15663,Joseph Sargent,1925-07-22
8193,Florian Henckel von Donnersmarck,1973-05-02
10707,Terry Jones,1942-02-01
6482,John Singleton,1968-01-06
8452,Andrei Tarkovsky,1932-04-04
8482,Robert Mulligan,1925-08-23
8500,John Ford,1894-02-01
8557,Fernando Meirelles,1955-11-09
3146,Billy Wilder,1906-06-22
6046,Roland Emmerich,1955-11-10
2461,Mel Gibson,1956-01-03
8812,D. W. Griffith,1875-01-22
8858,Ivan Reitman,1946-10-27
2778,Dennis Hopper,1936-05-17
17016,Neil Jordan,1950-02-25
9076,F.W. Murnau,1888-12-28
10491,Paul Verhoeven,1938-07-18
9158,Sharon Maguire,1960-11-28
4818,Roberto Benigni,1952-10-27
9603,Sergei M. Eisenstein,1898-01-23
9730,Jean Cocteau,1889-07-05
9789,Robert Altman,1925-02-20
10249,Volker Schlöndorff,1939-03-31
9956,Chris Marker,1921-07-29
8574,Walter Salles,1956-04-12
10099,Park Chan-wook,1963-08-23
10965,Chris Columbus,1958-09-10
10139,Leni Riefenstahl,1902-08-22
10146,Jacques Tourneur,1904-11-12
9915,Guy Hamilton,1922-09-16
10316,Theo Angelopoulos,1935-04-27
10346,Robert Bresson,1901-09-25
