11,Space Opera
18,Drama
18,dramatisch
28,Action
34,Anime
34,Anime Film
34,Japanese Animation
34,Japanese Animation Film
37,Western
85,Comic
85,Graphic Novel
130,Melodrama
218,Cyberpunk
329,Backflash
329,Flashback
329,Rückblende
354,Experimental Film
354,Experimentalfilm
541,Anti Hero
644,Film Noir
707,Tragedy
1033,Dream Sequence
1033,Traumsequenz
1037,Realism
1110,Classic
1119,Episode Film
1505,Famous Score
3167,Film Produced For TV
3167,Television Film
3167,TV Film
10215,Emotionen > Spannend
10215,spannend
10215,Spannung
10215,Suspenseful
10215,Tense
10215,Thrilling
10216,Funny
10224,Downbeat
10224,Miserable
10224,Misery
10224,Sad
44,Social Drama
106,Political Thriller
49,Cult Favorite
49,Cult Movie
124,Slapstick
124,Slapstick Comedy Film
124,Splatstick
124,Splatstick Comedy Film
303,Independent Film
10228,Goofy
10228,Offbeat
10228,Quirky
12,Adventure
13,Fairy Tale Film
13,Fairy-Tale Film
939,Costume Film
939,Period Costume Drama
17,Familienfilm
17,Family Film
50,Hollywood Film
104,Blockbuster
151,High Fantasy
1108,Popcorn Movie
1109,Mainstream
3148,Milestone
10214,Exciting
10281,Academy Award Winner
878,Sci-Fi
878,Science Fiction
878,Science-Fiction
878,SciFi
10217,Feel-good
10217,Good-humoured
10217,Uplifting
10282,Nominated for Academy Award
18385,Action Comedy
19,Romantic Drama
71,Family Drama
219,Psychodrama
865,Chick Flick
10219,Romantic
10221,Berührend
10221,Emotional
10221,Heartfelt
10221,Sentimental
10221,Touching
14,Fantasy
35,Comedy
35,Funny
35,Komödie
145,Pirate Film
3160,Franchise Film
54,Destiny
81,Kung-Fu
81,Martial Arts
81,Martial-Arts
134,Justice Drama
141,Psychological Thriller
193,Samurai Film
252,Yakuza Film
684,Non-linear Timeline
874,Violence
1123,Hommage
10225,Bleak
10225,Dark
10225,düster
10225,Gloomy
10225,Gritty
10225,Hard-hitting
10225,Rough
14926,Girls with Guns
92,Political Drama
302,Art film
302,Art House Film
22,Musical
22,Musicals
33,Romance Film
873,Sexually Explicit
1195,Hand Camera
3110,Sex Film
10220,Erotic
10220,Raunchy
10220,Sexy
32,Anti-War Film
138,Military Film
209,Real Events
209,Real Life
209,True Story
209,wahre Geschichte
6033,Literary Fiction
6033,Literature
10222,Intellectually Stimulating
10222,Smart
10223,Ernst
10223,Serious
10227,Disquieting
10227,Disturbing
10227,Unsettling
10227,Verstörend
16,Animation
114,Satire
864,Boy Movie
864,Dude Film
864,Guy Movie
13544,Sitcom
1580,Mexican Cinema
3164,Debut Film
3164,Debutfilm
3164,Debütfilm
196,Cartoon
196,Cel Animation
196,Classical Animation
196,Hand-Drawn Animation
196,Traditional Animation
7931,TV Show
1282,Match Cut
2979,Hard Science Fiction
2979,Hard SF
2979,Scientific Science Fiction
43,Utopia & Dystopia
51,Time Travel
52,Apocalypse & Post-Apocalypse
53,Thriller
2579,Sad Ending
2579,Tragic Ending
2579,Unhappy End
10464,Remake
73,Queer Film
301,Black And White Film
3163,Auteur movie
1164,Cinemascope
807,First-Person Narrator
1086,neo-noir
31,War Film
2926,Wǔxiá
2926,Wuxia Film
84,Myth
89,Treasure Hunting
122,Tragic Comedy Film
122,Tragicomedy
101,Arranged Documentary
101,Staged Documentary
204,Social Study
69,Coming Of Age
69,Drama > Coming of Age
129,Coming Out
7141,Spanish Cinema
14354,Couples film
15588,Cannes Winner
87,Low Budget Film
250,Caper Movie
250,Caper-Movie
1125,Criminal Comedy Film
10218,Chilled
10218,Entspannt
10218,Laidback
10218,Relaxed
10218,Understated
249,Mafia Film
251,Police Film
1080,US-American Cinema
2738,Gangster Film
20,Dogma 95
353,Art Movie
159,Aliens
159,Extraterrestrial Monsters
245,Multiple Roles
10226,Creepy
10226,Scary
10226,Spine-chilling
10226,unheimlich
56,Black Comedy
56,Dark Comedy
56,Dark Comedy Film
56,Schwarze Komödie
126,Romantic Comedy
1167,35-mm
202,Political Documentary
1122,Kurzfilm
1122,Short
1122,Short Film
1122,Short Subject
1122,Shorty
17580,Berlinale Winner
99,Documentary
99,Documentation
210,Biography
14453,Concert film
158,Monster Film
818,Novel
3165,Black And White Film
14726,Mono
1178,Actors Playing Themselves
227,Nouvelle Vague
82,Eastern
154,Contemporary Fantasy
154,Modern-Day Fantasy
154,Urban Fantasy
1049,Super Hero
1163,Widescreen
2891,Action Super Hero
2891,Super Hero
25,Danish Cinema
206,Event Documentary
1116,Silent Film
866,Teen Film
2896,Flop
76,Conspiracy Thriller
4866,Dolby Surround
80,Crime
10067,Inflection
10067,Inflexion
10067,Surprise
10067,Surprising Twist
10067,Turning Point
867,Adult
871,Explicit Language
8530,Computer Generated Imagery
1096,School of Berlin
36,Historical Film
36,Historie
36,History
79,Mysterie
79,mysteriös
79,Mystery Thriller
144,Detective Film
1040,Surrealism
1051,Lonely Hero
1058,Color Grading
1176,Macro View
10213,Emotions
10213,Gefühle
1115,Road Movie
1112,Pretty Hard Stuff
2889,Fugitive Drama
2889,Refugee Drama
3135,Novella
39,Slasher Film
157,Gore Film
157,Splatter Film
157,Splatter Film / Gore Film
14710,Torture Porn
10066,Twist in the End
127,Marital Tragedy
524,New German Film
3137,Narrative
1823,Neue Sachlichkeit
1823,New Objectivity
10947,One Day
133,Family Saga
1038,Expressionism
1089,Caligarism
1085,New Hollywood
1149,Method Acting
7286,Jidaigeki
8741,children's book
5702,Film im Film
5702,Film in Film
5702,Film-im-Film
142,Erotic Thriller
1479,Erotic Comedy Film
1479,Raunchy comedy
1076,Jump Cutting
869,Children's Film
1073,Voice Over
1113,Special Interest
1137,Happy End
1137,Happy Ending
1137,Versöhnliches Ende
1204,Worm's Eye View
1246,Digital Video
1249,Student Graduation Film
1024,Theater Play
1024,Theatre Play
1134,Conflict
1147,Antagonist
2890,Biographical Film
2890,Biographical picture
2890,Biopic
2890,Film Biographie
241,Caper-Movie
241,Heist
241,Heist Film
241,Stick-up
228,French Cinema
1071,Stop Motion
10597,Open Ending
1101,Italian New Realism
190,Classical Western
191,Italo-Western
191,Spaghetti Western
1088,Italian Cinema
1045,Movie Stars
115,Satire On Media
1048,Femme Fatale
1133,Climax
1150,Arch of Suspense
1150,Growing Suspense
1150,Suspense
169,Teen Horror Film
1168,16-mm
135,Courtroom Drama
135,Forensic
656,Nameless Character
756,Wide-Angle Lens
1500,Real Time
1152,Developing
14452,Musical
1597,Macho
1104,Poetic Realism
1042,Lolita
3919,weapons
4840,long shot
4844,very close shot
1140,Frame Story
7402,Magic Realism
18305,Shaky camera
18305,Shaky-cam
9031,Idealist
10107,Sport
10107,Sport Film
10107,Sports Film
2370,Heimatfilm
2370,Regional film
1055,Character Actor
1135,Key Scene
166,Obsession
27,Horror
3115,Fake Documentary
3115,Mockumentary
197,Stop Motion
6515,Claymation
2731,Buddy Film
2731,Buddy Movie
14999,Parodie
14999,Parody
6723,New Russian Film
86,Animalhorror
103,Natural Disaster
1047,Guest Appearance
1124,Anarchic Comedy Film
2713,Comedy Of Mistaken Identity
57,Retro Science Fiction
57,Retro SF
1107,New Soviet Film
1146,Protagonist
4870,Score
11083,Hollywood Star
14666,Child Star
7424,Non-fiction
149,Monumental Film
3084,Bible Film
3128,Legend
121,Daffy Comedy
121,Madcap Comedy
121,Screwball Comedy Film
2744,Motor-Bike Film
2744,Motor-Cycle Film
2744,Motorbike Film
2744,Motorcycle Film
163,Vampiremovie
163,Vampirfilm
1050,Vamp
116,Satire On War
1078,Associative Cutting
1087,Russian Cinema
3162,Propaganda Film
3138,Short Story
136,Espionage
136,Secret Agent
136,Secret Service
136,Spy
4288,Animated Sequences
4288,Animated Title Sequence
1103,Surrealistic Film
2895,Fairy Tale
13547,Machismo
863,B-Movie
4220,Cinema Novo
3918,injuries
152,Sword And Sorcery
1165,Television
